seed_smiles,max_tanimoto_anpdb
OC[C@H]1O[C@@](CO)(O[C@H]2O[C@H](CO)[C@@H](O)[C@H](O)[C@H]2O)[C@@H](O)[C@@H]1O,1.0
COc1ccc(-c2cc(=O)c3c(O)cc(O)cc3o2)cc1,1.0
COc1cc(O)c2c(c1)O[C@H](c1ccccc1)CC2=O,1.0
COc1cc2ccc(=O)oc2cc1OC,1.0
COc1ccc(-c2cc(=O)c3c(O)cc(OC)cc3o2)cc1,1.0
O=C(O)C=Cc1ccc(O)cc1,1.0
CC(C)=CCOc1ccc2ccc(=O)oc2c1,0.7907
CC(C)=CCc1c2c(c(O)c3c1O[C@H](c1ccc(O)cc1)CC3=O)C=CC(C)(C)O2,1.0
O=C(O)C=Cc1ccccc1,1.0
COC(=O)c1c(C)cc(OC(=O)c2c(C)cc(O)c(C=O)c2O)c(C)c1O,0.7692
O=c1oc2c(O)c(O)cc3c(=O)oc4c(O)c(O)cc1c4c23,1.0
CC1=CC(=O)c2c(O)cccc2C1=O,1.0
CC(=O)O[C@H]1C[C@@H]2C(C)(C)C(=O)C=C[C@]2(C)[C@@H]2CC[C@@]3(C)[C@H](c4ccoc4)OC(=O)[C@@H]4O[C@@]43[C@]12C,0.7647
COc1ccc(-c2oc3cc(OC)c(OC)cc3c(=O)c2O)cc1OC,0.7805
COc1ccc(-c2oc3cc(OC)c(OC)cc3c(=O)c2O)cc1O,0.7442
Cc1cc2c(cc1OC1=C(O)C(=O)c3ccccc3C1=O)C(=O)c1ccccc1C2=O,1.0
CC1(C)C=Cc2cc3c(cc2O1)OC[C@@H]1c2cc4c(cc2O[C@@H]31)C=CC(C)(C)O4,0.7551
CC(C)=CCc1cc2c(cc1O)OC[C@@H]1c3ccc(O)cc3O[C@@H]21,1.0
COc1c(O)cc(-c2coc3cc(O)ccc3c2=O)cc1O,0.7442
COc1c2c(cc3oc(=O)c(-c4ccc(O)cc4)c(O)c13)OC(C)(C)C=C2,0.7627
CC1(C)CCC[C@@]2(C)[C@@H]1CC[C@]1(CO1)[C@@H]2C/C=C1\CCOC1=O,0.3692
CC1(C)CCC[C@@]2(C)[C@@H]1CC[C@]1(CO1)[C@@H]2C[C@H](O)c1ccc(C=O)c(/C=C/[C@H]2[C@@]3(CC[C@H]4C(C)(C)CCC[C@@]42C)CO3)c1,0.4487
CC1(C)CCC[C@@]2(C)[C@@H]1CC[C@@]1(C=O)[C@H](O)CC(C=O)=CC[C@H]21,0.434
CC1(C)CCC[C@@]2(C)[C@@H]1CC[C@]1(CO1)[C@@H]2C/C=C(/C=O)CC=O,0.4464
CC(=O)O[C@@H]1C(=O)c2c(O)cc(O)cc2O[C@H]1c1ccc(O)cc1,0.8636
O=C1c2c(O)cc(O)cc2O[C@@H](c2ccc(O)cc2)[C@@H]1O,1.0
CC1(C)[C@H]2C[C@@H](O)[C@@](O)(CO)[C@H](C[C@H](O)[C@@H]3CCOC3=O)[C@@]2(C)CC[C@@H]1O,0.3377
COC(=O)/C(=C/C[C@@H]1[C@@]2(C)CC[C@H](O)C(C)(C)[C@H]2C[C@H](O)[C@]12CO2)CCO,0.5231
C=C[C@@](C)(O)CC/C=C(\C)CCC=C(C)C,1.0
CC[C@H](CC[C@@H](C)[C@H]1CC[C@@H]2[C@@H]3CCC4=CC(=O)CC[C@]4(C)[C@H]3CC[C@@]21C)C(C)C,1.0
COC(=O)/C(=C/C[C@H]1[C@]2(CC[C@@H]3C(C)(C)[C@@H](O)CC[C@@]31C)CO2)[C@H]1CO1,1.0
COC(=O)/C(=C/C[C@H]1[C@@]2(CO2)C[C@@H](O)[C@@H]2C(C)(C)[C@@H](O)CC[C@@]21C)[C@H]1CO1,1.0
CC[C@H](CC[C@@H](C)[C@H]1CC[C@@H]2[C@H]3CC=C4C[C@@H](O)CC[C@]4(C)[C@@H]3C[C@@H](C)[C@H]21)C(C)C,0.597
CC[C@@H](CC[C@H](C)[C@H]1CC[C@@H]2[C@H]3CC=C4C[C@@H](O[C@@H]5O[C@H](CO)[C@@H](O)[C@H](O)[C@H]5O)CC[C@]4(C)[C@@H]3CC[C@@]21C)C(C)C,1.0
C=C1C(=O)O[C@@H]2/C=C(/COC(C)=O)CC/C=C(/C=O)C[C@@H](OC(=O)[C@@H](C)CC)[C@@H]12,0.5844
C=C1C(=O)O[C@@H]2/C=C(/COC(C)=O)CC/C=C(/C=O)[C@H](OC(C)=O)[C@@H](OC(=O)[C@@H](C)CC)[C@@H]12,0.494
C=C1C(=O)O[C@@H]2/C=C(/COC(C)=O)CC/C=C(/C=O)C[C@@H](O)[C@@H]12,0.7321
C[C@@H]1CC[C@H]2[C@@H](C)C(=O)O[C@@H]3C[C@@]4(C)CC[C@@H]1[C@]32OO4,0.5833
Cn1c2c3ccccc3nc-2cc2ccccc21,1.0
COc1cc(CO)c(-c2ccc3c(c2O)[C@H](C)C[C@@H](C)C3)c2cccc(O)c12,0.7368
COc1cc(C)cc2ccc(-c3ccc4c(c3O)[C@@H](C)N[C@@H](C)C4)c(O)c12,1.0
COc1cc(C)c(-c2ccc(O)c3c2C[C@H](C)N[C@@H]3C)c2cccc(O)c12,0.7544
COc1cccc2c(-c3ccc4c(c3O)[C@@H](C)N[C@@H](C)C4)c(CO)cc(OC)c12,1.0
COc1cccc2c(-c3ccc4c(c3O)[C@@H](C)N[C@H](C)C4)c(C)cc(OC)c12,1.0
COc1cc(CO)c(-c2ccc3c(c2O)[C@@H](C)N[C@H](C)C3)c2cccc(O)c12,1.0
COc1cc2c(=O)oc3c4c(ccc3c2c2cccc(O)c12)C[C@@H](C)N[C@H]4C,0.5846
COc1c(-c2c(C)cc(OC)c3c(O)cccc23)ccc2c1[C@H](C)N[C@H](C)C2,0.8545
COc1cc(C)c(-c2ccc3c(c2O)[C@H](C)N[C@H](C)C3)c2cccc(O)c12,1.0
COc1cc(C)cc2c(-c3c(O)ccc4c3C[C@@H](C)N[C@@H]4C)cc(-c3ccc4c(-c5c(O)cc(O)c6c5C[C@@H](C)N[C@@H]6C)c(C)cc(OC)c4c3O)c(O)c12,0.7424
COc1cc(C)cc2c(-c3ccc(O)c4c3C[C@@H](C)N[C@@H]4C)cc(-c3ccc4c(-c5ccc(O)c6c5C[C@@H](C)N[C@@H]6C)c(C)cc(OC)c4c3O)c(O)c12,0.6935
COc1cccc2c(-c3cc(-c4cc(-c5c(C)cc(OC)c6c(OC)cccc56)c(O)c5c4C[C@@H](C)N[C@@H]5C)c4c(c3O)[C@@H](C)N[C@H](C)C4)c(C)cc(OC)c12,0.7818
COc1cc([C@H](O)c2cc3c(cc2O)[C@@H](C)N[C@H](C)C3)cc2ccc(-c3ccc4c(-c5ccc6c(c5O)[C@@H](C)N[C@H](C)C6)c(CO)cc(OC)c4c3O)c(O)c12,0.6081
O=C1O[C@@H]2[C@@H](OC(=O)c3cc(O)c(O)c(O)c3-c3c1cc(O)c(O)c3O)[C@@H](O)O[C@@H]1COC(=O)c3cc(O)c(O)c(O)c3-c3c(O)c(O)c4oc(=O)c5c(c(O)c(O)c6oc(=O)c3c4c65)-c3c(cc(O)c(O)c3O)C(=O)O[C@@H]21,1.0
C=C1[C@H]2CC=C3C(=O)OC[C@]3(O)[C@@]2(C)CC[C@@H]1C,1.0
C=C1[C@H]2CC=C3C(=O)O[C@@H](O)[C@]3(O)[C@@]2(C)CC[C@@H]1C,1.0
C=C1[C@@H](C)CC[C@@]2(C)[C@@H]1[C@@H](O)C=C(C=O)[C@]2(O)C=O,1.0
CC1(C)CCC[C@]2(C)[C@H]3COC(=O)C3=CC[C@@H]12,1.0
COC(=O)[C@H]1CC[C@]2(C)[C@H]3COC(=O)C3=CC[C@H]2C1(C)C,0.6604
CC1(C)CCC[C@@]2(C)[C@H]1[C@@H](O)C=C(C=O)[C@]2(O)C=O,1.0
CC1(C)CCC[C@]2(C)C3=C(COC3=O)[C@H](O)C[C@@H]12,1.0
C=C1[C@H](C)CC[C@]2(C)C3=C(COC3=O)[C@H](O)C[C@@H]12,1.0
COc1c(O)cc2oc3c(O)cccc3c(=O)c2c1O,1.0
CC(C)=CCC1=C(O)C(CC=C(C)C)(CC=C(C)C)c2cc3c(O)c(C)cc(O)c3c(O)c2C1=O,0.5833
CC1(C)C=Cc2c(c(O)cc3c2OC[C@@H]2c4ccc5c(c4O[C@H]32)OCO5)O1,0.5645
CC1(C)C=Cc2c(c(O)cc3c2OC[C@H](c2ccc4c(c2O)OCO4)C3=O)O1,0.5
CC1(C)C=Cc2c(cc3c(c2O)C(=O)[C@@H](c2ccc4c(c2O)OCO4)CO3)O1,0.6452
COc1ccc([C@H]2COc3c4c(cc(O)c3C2=O)O[C@](C)(CCC=C(C)C)C=C4)c(O)c1O,0.4634
COc1ccc([C@H]2COc3cc4c(c(O)c3C2=O)C=C[C@@](C)(CCC=C(C)C)O4)c(O)c1O,0.5694
COc1ccc([C@H]2COc3c(ccc4c3C=C[C@@](C)(CCC=C(C)C)O4)C2)c(O)c1O,0.4872
C=C(CO)[C@H]1Cc2c(ccc3c2O[C@H]2CCc4cc(OC)c(OC)cc4[C@@H]2C3=O)O1,0.6
C=C(CO)[C@H]1Cc2c(ccc3c2O[C@H]2CCc4cc(OC)c(OC)cc4[C@]2(O)C3=O)O1,0.6111
COc1cc(O)c(-c2c(C)cc(OC)c3c(OC)cccc23)c2c1[C@H](C)N[C@@H](C)C2,1.0
COc1cc(OC)c(-c2ccc(OC)c3c(OC)cc(C)cc23)c2c1CN[C@@H](C)C2,0.6852
COc1cc(OC)c2c(OC)cc(C)c(-c3c(OC)cc(OC)c4c3C[C@H](C)N(C)[C@@H]4C)c2c1,0.7547
COc1cc(OC)c2c(c1-c1ccc(OC)c3c(OC)cccc13)C[C@H](C)N(C)[C@@H]2C,0.7692
COc1cc(OC)c2c(c1-c1c(C)cc(OC)c3c(OC)cccc13)C[C@H](C)N(C)[C@@H]2C,1.0
c1ccc2nc3c(cc2c1)[nH]c1ccccc13,1.0
Cn1c2c3ccccc3nc-2c(-n2c3ccccc3c3nc4ccccc4cc32)c2ccccc21,0.4583
CN1C2=CC(O)=c3ccccc3=N[C@@H]2c2ccccc21,0.2128
Cn1cc2c3ccccc3nc-2c2ccccc21,0.4146
Cn1c2nc3ccccc3c-2cc2ccccc21,0.5946
CN1c2ccccc2C(c2c3nc4ccccc4c-3n(C)c3ccccc23)=C2N=C3CC=CC[C@H]3[C@@H]21,0.303
CC1(C)CCC[C@@]2(C)[C@@H]1CC[C@]1(CO1)[C@@H]2C/C=C(\C=O)CC=O,0.4464
C=C1CC[C@@H]2C(C)(C)CCC[C@]2(C)[C@H]1C/C=C(\C=O)CC=O,0.6102
C=C1CC[C@@H]2C(C)(C)CCC[C@]2(C)[C@H]1C/C=C(\C=O)CC(OCC)OCC,0.5692
C=C1CC[C@@H]2C(C)(C)CCC[C@]2(C)[C@H]1[C@@H]1C=C(C=O)C[C@H](O)OO1,0.3906
CC1(C)CCC[C@@]2(C)[C@@H]1CC[C@@]1(CO1)[C@@H]2C/C=C1\CCOC1=O,0.3692
CC(C)=CCc1c(O)cc2c(c1O)C(=O)[C@@H](c1ccc(O)cc1O)CO2,1.0
COc1ccc([C@H]2Oc3cc(O)cc(O)c3C(=O)[C@@H]2[C@H]2C(=O)c3c(O)cc(O)cc3O[C@@H]2c2ccc(OC)cc2)cc1,0.8372
COc1ccc([C@H]2Oc3cc(O)cc(O)c3C(=O)[C@@H]2[C@H]2C(=O)c3c(O)cc(O)cc3O[C@@H]2c2ccc(O)cc2)cc1,0.8837
C[C@H]1c2ccoc2C[C@@H]2[C@@H]1CC[C@H]1C(C)(C)CCC[C@]21C,1.0
C[C@H]1c2ccoc2C[C@@H]2[C@@H]1CC[C@@]1(O)C(C)(C)CCC[C@]21C,1.0
COC(=O)[C@@]1(C)CCC[C@]2(C)[C@@H]3Cc4occc4[C@H](C)[C@H]3CC[C@H]21,1.0
COC(=O)[C@@]1(C)CCC[C@]2(C)[C@@H]3Cc4occc4[C@H](C)[C@H]3CC[C@@]12O,1.0
C[C@H]1c2ccoc2C[C@@H]2[C@@H]1CC[C@@]1(O)[C@@](C)(C(=O)O)CCC[C@]21C,0.8
COc1ccc([C@@H]2CC(=O)c3c(O)c4c(c(CC=C(C)C)c3O2)OC(C)(C)C=C4)cc1,1.0
COc1cc(O)c(OC)c(O)c1C(=O)C=Cc1ccccc1,1.0
COc1cc(O)c(C(=O)C=Cc2ccccc2)c(OC)c1,1.0
COc1c(O)cc2c(c1O)C(=O)[C@@H]([C@H](O)c1ccccc1)CO2,1.0
COc1cc(O)cc(O)c1C(=O)C=Cc1ccccc1,1.0
COc1cc(O)c(C(=O)C=Cc2ccccc2)c(O)c1OC,1.0
COc1cc(O)c(C(=O)CCc2ccccc2)c(O)c1,0.7436
COc1cc(O)c(C(=O)CCc2ccccc2)c(O)c1OC,0.6818
COc1cc2c(cc1OC)[C@H](O)N(C)c1c-2ccc2cc3c(cc12)OCO3,0.6111
CC(=O)O[C@H]1[C@H](OC(C)=O)[C@]2(C)C(=CC[C@H]2c2ccoc2)[C@]2(C)C(=O)C[C@H]3C(C)(C)O[C@H]4CC(=O)C[C@]43[C@@H]12,1.0
CC(=O)O[C@@H]1[C@@H]2[C@@]34CC(=O)C[C@@H]3OC(C)(C)[C@@H]4CC(=O)[C@@]2(C)[C@@]23O[C@@H]2C[C@@H](c2ccoc2)[C@]3(C)[C@H]1OC(C)=O,1.0
CC(=O)O[C@H]1[C@H](OC(C)=O)[C@]2(C)C(=CC[C@H]2c2ccoc2)[C@]2(C)[C@H](OC(C)=O)C[C@H]3C(C)(C)O[C@H]4CC(=O)C[C@]43[C@@H]12,0.7606
CC(C)=CCc1cc(C=CC(=O)c2ccc(O)cc2O)cc(O)c1O,1.0
COc1cc([C@@H]2CC(=O)c3ccc(O)cc3O2)cc(CC=C(C)C)c1O,1.0
CC[C@H](/C=C/[C@H](C)[C@H]1CC[C@@H]2[C@H]3CC=C4C[C@@H](O[C@@H]5O[C@H](CO)[C@@H](O)[C@H](O)[C@H]5O)CC[C@]4(C)[C@@H]3CC[C@@]21C)C(C)C,1.0
CC1(C)C(=O)C=C[C@]2(C)OO[C@@](C)(/C=C\C(=O)O)C[C@H]12,0.3239
C/C(=C/CO)C(=O)C[C@@H]1C(C)(C)C(=O)C=C[C@]1(C)O,0.3051
CCCCCCCCCC(=O)OC/C=C(/C)C(=O)C[C@@H]1C(C)(C)C(=O)C=C[C@]1(C)O,0.3462
COC(=O)C=Cc1ccc(O)cc1,1.0
CC(C)[C@@]12C=C3CC[C@H]4[C@](C)(CO)CCC[C@]4(C)[C@]3(CC1)OO2,1.0
CC(C)=CCc1c(O)cc2c(c1O)C(=O)[C@H]1[C@@H](C=C(O)C(=O)C1(CC=C(C)C)CC=C(C)C)O2,1.0
C[C@H](O)Cc1ccc(O)c(O)c1C(=O)O,0.5161
C[C@@H]([C@H]1CC[C@H]2[C@@H]3CC[C@H]4C(=O)C(NC=O)=CC[C@]4(C)[C@H]3CC[C@]12C)N(C)C,0.5238
COc1ccc2c(=O)c3cccc(O)c3oc2c1,1.0
O=C(c1cc(O)ccc1O)c1c(O)cccc1O,0.5517
COc1cccc2c(=O)c3ccc(O)cc3oc12,1.0
C=C1CC[C@H]2C(C)(C)CCC[C@]2(C)[C@H]1C/C=C(/C=O)CC=O,0.6102
CC1(C)CCC[C@]2(C)[C@H]3CC=C(C=O)C[C@H](CO)[C@]3(C=O)CC[C@@H]12,0.4211
C[C@@H]1O[C@@H](Oc2cc(O)c3c(=O)cc(-c4ccc(O)c(O)c4)oc3c2)[C@H](O)[C@H](O)[C@H]1O,1.0
CC1(C)CCC[C@]2(C)[C@H]3CC=C(C=O)C[C@H](CCO)[C@]3(C=O)CC[C@@H]12,0.4068
COc1cc2[nH]c3ccccc3c(=O)c2c(O)c1OC,1.0
C=C1CC[C@H]2C(C)(C)CCC[C@]2(C)[C@H]1C/C=C(\C=O)C(=O)O,0.6379
C=C1CC[C@H]2C(C)(C)CCC[C@]2(C)[C@H]1CC=C(C=O)C=O,0.75
C=C1CC[C@H]2C(C)(C)CCC[C@]2(C)[C@H]1Cc1occc1C=O,0.4754
COC(=O)C[C@@]1(C/C=C(\C)CCC=C(C)C)C[C@H](O)C=CC1=O,0.3676
CC1(C)CCC[C@]2(C)[C@@H]1CC[C@@]13C[C@@H](CC[C@H]12)[C@@](C)(O)C3,1.0
C=C1[C@@H]2CC[C@H]3[C@]4(C)CCC[C@@](C)(C(=O)O)[C@H]4CC[C@]3(C2)[C@H]1OC(C)=O,1.0
C=C1[C@@H]2CC[C@H]3[C@]4(C)CCC[C@@](C)(C(=O)O)[C@H]4CC[C@]3(C2)[C@H]1O,1.0
C[C@H]1C[C@@]23CC[C@H]4[C@@](C)(CCC[C@@]4(C)C(=O)O)[C@@H]2CC[C@@H]1[C@@H]3O,0.6078
C[C@@H]1[C@@H]2CC[C@H]3[C@]4(C)CCC[C@@](C)(C(=O)O)[C@H]4CC[C@]3(C2)[C@H]1O,0.6078
C=C[C@@H]1CN2CCc3c([nH]c4ccc(O)cc34)[C@@H]2C[C@H]1CCOC(C)=O,1.0
C=C1C(=O)C=C[C@]2(C)C[C@H]3C(=C)C(=O)O[C@@H]3C[C@H]12,0.5102
C=C(C)C(=O)O[C@H]1C[C@H](C)C2=CC[C@@](C)(/C=C3/OC(=O)C(COC(C)=O)=C31)O2,0.3086
CC(=O)OCC1=C2/C(=C\[C@]3(C)CC=C(O3)[C@@H](C)C[C@@H]2OC(=O)/C=C(\C)COC(C)=O)OC1=O,0.2941
C=C(CO)C(=O)O[C@H]1C/C(COC(C)=O)=C\CC/C(C=O)=C\[C@H]2OC(=O)C(=C)[C@H]12,0.6081
C=CC[C@@]1(COC(C)=O)C[C@H](OC(=O)C(=C)CO)[C@H]2C(=C)C(=O)O[C@@H]2[C@H]1C(=C)C=O,0.5714
C=CC[C@@]12COC(=O)C(=C)[C@@H]1[C@H](O)[C@H](C(=C)C(=O)OC)[C@@H](OC(=O)C(=C)CO)C2,0.75
C=CC[C@@]12COC(=O)C(=C)[C@@H]1[C@H]1OC(=O)C(=C)[C@@H]1[C@@H](OC(=O)C(=C)CO)C2,0.5606
C=CC[C@@]12COC(=O)C(=C)[C@@H]1[C@H]1OC(=O)[C@H](C)[C@@H]1[C@@H](OC(=O)C(=C)CO)C2,0.4865
C=CC[C@@]12COC(=O)C(=C)[C@@H]1C[C@H](C(=C)C(=O)O)[C@@H](OC(=O)C(=C)CO)C2,0.473
C=CC[C@@]12COC(=O)C(=C)[C@@H]1C[C@H]([C@@H](C)C(=O)O)[C@@H](OC(=O)C(=C)CO)C2,0.4359
C=C[C@]1(CO)C[C@H](O)[C@H]2C(=C)C(=O)O[C@@H]2[C@H]1C(=C)CO,0.7143
CC(C)C1=C(O)C(=O)C2=C(C1=O)[C@H](OC=O)C[C@H]1C(C)(C)CCC[C@]21C,0.6
CC(=O)O[C@@H]1C[C@H]2C(C)(C)CCC[C@]2(C)C2=C1C(=O)C(C(C)C)=C(O)C2=O,0.6
CC(C)C1=CC2=CC=C3C(C)(C)C[C@H](OC(=O)c4ccc(O)cc4)C[C@]3(C)C2=C(O)C1=O,0.5797
CC(C)C1=CC2=CC=C3C(C)(C)C[C@H](OC(=O)c4ccc(O)c(O)c4)C[C@]3(C)C2=C(O)C1=O,0.5342
CC(C)=CC(=O)OC[C@@]1(C)CCC[C@@]2(C)C1=CC=C1C=C(C(C)C)C(=O)C(O)=C12,0.4935
CC(C)C1=CC2=CC=C3[C@@](C)(COC(=O)c4ccc(O)cc4)CCC[C@]3(C)C2=C(O)C1=O,0.5417
CC(C)C1=CC2=CC=C3[C@@](C)(COC(=O)c4ccc(O)c(O)c4)CCC[C@]3(C)C2=C(O)C1=O,0.5
COc1cc(OC)c(-c2c(C)cc(O)c3c2C(=O)c2cccc(O)c2C3=O)c(O)c1C(C)=O,0.8958
CC(=O)c1c(O)cc(O)c(-c2c(C)cc(O)c3c2C(=O)c2cccc(O)c2C3=O)c1O,0.7917
Cc1occ2c1C(=O)c1c(O)ccc(O)c1C2=O,1.0
COc1cc(O)c([C@@]2(O)c3cccc(O)c3C(=O)c3c(O)cc(C)cc32)c(O)c1C(C)=O,1.0
O=C1c2coc(CO)c2C(=O)c2c(O)ccc(O)c21,1.0
COc1ccc(O)c2c1C(=O)c1coc(C)c1C2=O,1.0
C=CCc1cc(O)c(O)c(OC)c1,0.6667
Cc1occ2c1C(=O)c1c(O)cccc1C2=O,1.0
COc1ccc(OC)c2c1C(=O)c1coc(C)c1C2=O,0.8286
CC(=O)OCc1occ2c1C(=O)c1c(O)cccc1C2=O,1.0
CC(=O)OCc1occ2c1C(=O)c1c(O)ccc(O)c1C2=O,1.0
CC(C)c1c(O)c(O)cc2c1[C@@]1(C)CCCC(C)(C)C1=C(O)C2=O,0.58
CC1(C)CCC[C@]2(C)c3cc(O)c(O)cc3CC[C@H]12,0.7561
COc1cccc2c1C(=O)c1c(O)cc(CO)cc1[C@H]2[C@@H]1O[C@H](CO)[C@@H](O)[C@H](O)[C@H]1O,0.8182
COc1c(O)ccc2c1C(=O)c1c(O)cc(C)cc1[C@H]2[C@@H]1O[C@H](CO)[C@@H](O)[C@H](O)[C@H]1O,1.0
C=C(C)C(=O)O[C@H]1C[C@H](C)C2=CC(=O)[C@](C)(/C=C3/OC(=O)C(COC(C)=O)=C31)O2,0.3053
CC(=O)OCC1=C2/C(=C\[C@]3(C)OC(=CC3=O)[C@@H](C)C[C@@H]2OC(=O)/C=C(/C)COC(C)=O)OC1=O,0.2892
C=C1C(=O)O[C@@H]2C/C(C)=C\CC[C@@]3(C)O[C@@H]3[C@@H](O)[C@@H]12,1.0
C=C1C(=O)O[C@H]2C[C@@]3(C)[C@H](O)CCC(=C)[C@H]3[C@@H](O)[C@H]12,1.0
C=C1C(=O)O[C@H]2C[C@@]3(C)[C@H](O)CC=C(C)[C@H]3[C@@H](O)[C@H]12,0.6327
C=C1C(=O)O[C@H]2/C=C(/C)[C@@H](O)CC/C(C)=C\[C@@H](O)[C@H]12,0.6667
C=C1C(=O)O[C@H]2CC(=C)[C@@H](O)CC/C(C)=C\[C@@H](O)[C@H]12,0.6739
C=C[C@](C)(O)CC/C=C(\C)CCC=C(C)C,1.0
C[C@@H]1C[C@H]2[C@@]3(C)CC[C@H](O)C(C)(C)[C@H]3CC[C@@]2(C)[C@]2(C)CC[C@H]([C@]3(C)CC[C@H](C(C)(C)O)O3)[C@H]12,0.5
COc1ccc(-c2cc(=O)c3c(O)c(OC)c(OC)cc3o2)cc1,1.0
CC(C)c1c(O)c(O)cc2c1CC[C@@H]1C(C)(C)CCC[C@]21C,0.7174
CC(C)c1cc2c(cc1O)[C@@]1(C)CCCC(C)(C)[C@H]1CC2,1.0
CC(C)c1c(O)ccc2c1CC[C@@H]1C(C)(C)CCC[C@]21C,1.0
COc1cc2c3c4c1Oc1cc5c(cc1O4)[C@@H](Cc1ccc(O)c(c1)Oc1ccc(cc1)C[C@H]3N(C)CC2)NCC5,1.0
O=C1c2cc3c(cc2C2=CCC=C4CCN1[C@H]42)OCO3,0.32
C[C@H]1[C@@H](OC(=O)CCC(=O)O)O[C@@H]2O[C@@]3(C)CC[C@H]4[C@H](C)CC[C@@H]1[C@@]24OO3,0.4667
O[C@H]1[C@H]2c3cc4c(cc3CN3CCC(=C[C@@H]1O)[C@H]23)OCO4,1.0
COc1c2ccc(OC[C@@H](O)C(C)(C)O)cc2nc2occc12,0.7273
CC[C@H](CC[C@@H](C)[C@@H]1CC[C@@H]2[C@H]3CC=C4C[C@@H](O)CC[C@]4(C)[C@@H]3CC[C@@]21C)C(C)C,1.0
CC[C@H](CC[C@@H](C)[C@@H]1CC[C@@H]2[C@H]3CC=C4C[C@@H](O[C@H]5O[C@@H](CO)[C@@H](O)[C@@H](O)[C@@H]5O)CC[C@]4(C)[C@@H]3CC[C@@]21C)C(C)C,1.0
CC(C)=CCc1c(O)cc2oc(-c3ccc(O)cc3O)cc(=O)c2c1O,1.0
CC(C)=CCc1c(O)cc(O)c2c(=O)cc(-c3ccc(O)cc3O)oc12,0.7708
CC1(C)C=Cc2c(cc(O)c3c(=O)cc(-c4ccc(O)c(O)c4)oc23)O1,0.8163
CC(C)=CCc1c(O)c(CC=C(C)C)c2oc(-c3ccc(O)cc3O)cc(=O)c2c1O,0.7959
Oc1cc(O)cc(-c2cc3ccc(O)cc3o2)c1,1.0
CC(C)=CCc1c(O)cc(-c2cc3ccc(O)cc3o2)cc1O,1.0
CC1=CCc2c(c(O)cc3cc(-c4cc(O)cc(O)c4)oc23)OC1,1.0
CC(C)=CCc1cc([C@@]23Oc4cc(O)ccc4[C@@H]4CC(C)=C[C@H](c5c(O)cc(-c6cc7ccc(O)cc7o6)cc5O2)[C@H]43)ccc1O,0.7831
COc1cc([C@@H]2Oc3c(OC)cc4ccc(=O)oc4c3O[C@H]2CO)ccc1O,1.0
CC[C@H](/C=C/[C@@H](C)[C@@H]1CC[C@@H]2[C@H]3C(=O)C=C4C[C@@H](O[C@H]5O[C@@H](CO)[C@@H](O)[C@@H](O)[C@@H]5O)CC[C@]4(C)[C@@H]3CC[C@@]21C)C(C)C,1.0
COc1cc([C@@H]2Oc3c(OC)cc4ccc(=O)oc4c3O[C@@H]2CO)ccc1O,1.0
COc1cc2c(=O)oc3c(OC)c(O[C@@H]4O[C@H](CO)[C@@H](O)[C@H](O)[C@H]4O)cc4c(=O)oc(c1OC)c2c34,1.0
COc1cc2c(=O)oc3c(OC)c(O[C@@H]4O[C@H](COC(C)=O)[C@@H](OC(C)=O)[C@H](OC(=O)c5cc(OC(C)=O)c(OC(C)=O)c(OC(C)=O)c5)[C@H]4OC(C)=O)cc4c(=O)oc(c1OC)c2c34,0.5625
COc1cc2c(=O)oc3c(OC)c(O[C@@H]4O[C@H](CO)[C@@H](O)[C@H](OC(=O)c5cc(O)c(O)c(O)c5)[C@H]4O)cc4c(=O)oc(c1OC)c2c34,1.0
COc1cc2c(=O)oc3c(OC)c(O[C@@H]4O[C@H](CO)[C@@H](O)[C@H](O)[C@H]4O[C@H]4O[C@@H](C)[C@H](O)[C@H](O)[C@H]4O)cc4c(=O)oc(c1OC)c2c34,0.7895
COc1cc2c(=O)oc3c(OC)c(O[C@@H]4O[C@H](COC(C)=O)[C@@H](OC(C)=O)[C@H](OC(C)=O)[C@H]4O[C@H]4O[C@@H](C)[C@H](OC(C)=O)[C@H](OC(C)=O)[C@H]4OC(C)=O)cc4c(=O)oc(c1OC)c2c34,0.5325
CC(C)=CCC[C@H](C(=O)O)[C@@H]1CC[C@]2(C)C3=CC[C@H]4C(C)(C)C(=O)CC[C@]4(C)[C@@H]3CC[C@@]12C,1.0
NC(=O)N[C@@H]1NC(=O)NC1=O,1.0
CC(C)=CCOc1ccc(-c2cc(=O)c3c(O)c(CC=C(C)C)c(OCC=C(C)C)cc3o2)c(OCC=C(C)C)c1,0.5738
CO[C@@H]1[C@H](O)[C@@H](O)[C@@H](O)[C@H](O)[C@H]1OC,0.8571
COc1cc2ccc(=O)oc2cc1OCC=C(C)C,0.8043
COc1cc2c(=O)oc3c(OC)c(O[C@@H]4C[C@@H](OC(=O)c5cc(OC(C)=O)c(OC(C)=O)c(OC(C)=O)c5)[C@@H](OC(C)=O)[C@H](COC(C)=O)O4)cc4c(=O)oc(c1OC)c2c34,0.4713
COc1cc2c(=O)oc3c(OC)c(O[C@@H]4C[C@@H](O[C@H]5O[C@@H](C)[C@H](OC(C)=O)[C@H](OC(C)=O)[C@H]5OC(C)=O)[C@@H](OC(C)=O)[C@H](COC(C)=O)O4)cc4c(=O)oc(c1OC)c2c34,0.4699
COc1cc2c(=O)oc3c(OC)c(O)cc4c(=O)oc(c1OC)c2c34,1.0
COC(=O)[C@]1(C)CC[C@]2(C)CC[C@]3(C)C4=CC=C5C(=CC(=O)C(O)=C5C)[C@]4(C)CC[C@@]3(C)[C@@H]2C1,1.0
O=C1C=C/C(=C/[C@H](O)COc2ccccc2)O1,0.6591
COc1cc(O)c(Cc2ccccc2O)cc1C(=O)CCc1ccccc1,0.6538
COc1c(C(=O)CCc2ccccc2)ccc(O)c1Cc1ccccc1O,0.7
COc1c(C(=O)CCc2ccccc2)cc(Cc2ccccc2O)c(O)c1Cc1ccccc1O,0.6923
O=C(CCc1ccccc1)c1c(O)cc2c(c1O)Cc1c(O)cccc1O2,0.5
COc1cc(O)c(Cc2cc(Cc3ccccc3O)ccc2O)c(O)c1C(=O)CCc1ccccc1,1.0
COc1c(Cc2cc(O)ccc2Cc2ccccc2O)c(O)c(Cc2ccccc2O)c(O)c1C(=O)CCc1ccccc1,0.8269
O=C1C[C@@H](c2ccccc2)Oc2cc(O)c(Cc3ccccc3O)c(O)c21,1.0
O=C1C[C@@H](c2ccccc2)Oc2c(Cc3ccccc3O)c(O)c(Cc3ccccc3O)c(O)c21,1.0
O=C1C[C@@H](c2ccccc2)Oc2c(Cc3ccccc3O)c(O)c(Cc3cc(Cc4ccccc4O)ccc3O)c(O)c21,1.0
O=C1C[C@@H](c2ccccc2)Oc2c(Cc3cccc(O)c3)c(O)c(Cc3ccccc3O)c(O)c21,0.8113
COc1c(C)c(O)c(Cc2ccccc2O)c(O)c1C(=O)CCc1ccccc1,0.8333
O=C1C[C@@H](c2ccccc2)Oc2c(Cc3cc(O)ccc3Cc3ccccc3O)c(O)c(Cc3ccccc3O)c(O)c21,0.8269
COc1ccc2ccc3ccc(O)c4c(=O)oc1c2c34,1.0
COc1c(Cc2ccccc2O)c(O)c(C)c(O)c1C(=O)CCc1ccccc1,0.8333
O=Cc1c(O)c(C=O)c(O)c(C(=O)C=Cc2ccccc2)c1O,1.0
Cc1c(O)c(C)c(O)c(C(=O)C=Cc2ccccc2)c1O,1.0
CN1CC[C@]23C(=O)C[C@@]4(O)C(=CCOC5=CC(=O)N(c6c(O)cccc62)[C@H]3[C@H]54)C1,1.0
COc1cccc2c1N1C(=O)C=C3OCC=C4CN(C)CC[C@]25C(=O)C[C@@H]4[C@@H]3[C@H]15,0.6528
CN1CC[C@]23C(=O)C[C@H]4C(=CCOC5=CC(=O)N(c6ccccc62)[C@H]3[C@H]54)C1,0.6212
CN1CC[C@]23C(=O)C[C@](O)(C4=CCC(=O)N(c5ccccc52)[C@@H]43)/C(=C\CO)C1,0.6286
COc1cccc2c1N1C(=O)C=C3OC[C@H]4O[C@]45CN(C)CC[C@@]24C(=O)C[C@@H]5[C@@H]3[C@H]14,0.4815
COc1ccc2c(c1O)N1C(=O)C=C3OC[C@H]4O[C@]45CN(C)CC[C@]24C(=O)C[C@@H]5[C@]3(O)[C@H]14,0.3933
O=C1CC=C2[C@@H]3N1c1c(O)cccc1[C@@]31CCNC/C(=C/CO)[C@]2(O)CC1=O,0.3488
CN1CC[C@]23C(=O)C[C@H]4C(=CCOC5=CC(=O)N(c6ccccc62)[C@H]3[C@]54O)C1,0.4865
O=C1c2ccccc2-c2c3c(cc4ccnc1c24)OCO3,1.0
O=C1CC=C2[C@@H]3N1c1ccccc1[C@@]31CCNC/C(=C/CO)[C@]2(O)CC1=O,0.4675
COc1ccc2c(c1O)-c1c(OC)c(OC)cc3c1[C@H](C2)N(C)CC3,1.0
CCCCC=CCCCCCCCCCCCCCc1cc(=O)c2c(O)cccc2o1,1.0
O[C@@H]1[C@@H](O)[C@H](O)C[C@@H](O)[C@H]1O,1.0
O=c1cc(CCCCCCCCCCCCc2ccc3c(c2)OCO3)oc2cccc(O)c12,0.5536
COc1ccc(C[C@H]2COC(=O)[C@@H]2Cc2ccc(OC)c(OC)c2)cc1OC,1.0
COc1cc([C@H]2OC[C@H]3[C@@H]2CO[C@@H]3c2cc(OC)c(OC)c(OC)c2)cc(OC)c1OC,1.0
COc1ccc(C[C@@H]2CO[C@H](O)[C@H]2Cc2ccc(OC)c(OC)c2)cc1OC,0.6383
CC(C)CCC[C@H](C)[C@@H]1CC[C@@H]2[C@@H]3CC(=O)[C@H]4CC(=O)CC[C@]4(C)[C@H]3CC[C@@]21C,0.7321
COc1c(Cc2ccccc2O)c(O)c(Cc2cc(O)ccc2Cc2ccccc2O)c(O)c1C(=O)CCc1ccccc1,0.8269
CC(C)[C@@H](C)/C=C/[C@H](C)[C@@H]1CC[C@@H]2[C@]3(O)C=C[C@@]4(O)C[C@@H](O)CC[C@]4(C)[C@H]3CC[C@@]21C,0.6271
c1ccccc1,0.2727
Cc1cc(O)c2c(c1)[C@@H](c1ccc3c(c1O)C(=O)c1c(O)cc(C)c(C)c1C3=O)c1cccc(O)c1C2=O,0.6607
C/C=C1\CN2CCc3c([nH]c4ccccc34)[C@@H]2C[C@@H]1Cc1nccc2c1[nH]c1ccc(O)cc12,1.0
C/C=C(\C)C(=O)OC1[C@]2(C)C[C@@]3(O)[C@@](C)([C@H]2CC(=O)OC)[C@]24OC5(C(C)CC)O[C@@H]([C@]2(O5)C2=CC(=O)O[C@@H](c5ccoc5)[C@]2(C)C[C@H]4O)[C@@]13OC(C)=O,1.0
COC(=O)[C@@H](O)[C@H]1[C@@]2(C)C[C@]3(OC(C)=O)[C@@H](C(=O)[C@H]2O)[C@]24O[C@]25CC(=O)O[C@@H](c2ccoc2)[C@]5(C)CC[C@@H]4[C@]13C,1.0
COC(=O)[C@@H](O)[C@H]1[C@@]2(C)C[C@]3(OC(C)=O)[C@@H]4[C@@H](O[C@]56CC(=O)O[C@@H](c7ccoc7)[C@]5(C)CCC([C@]13C)[C@]46O)[C@H]2O,1.0
CC(C)=CCC/C(C)=C/CC1=CC(=O)C=C(c2cc3cc(O)cc(C/C=C(\C)CCC=C(C)C)c3o2)C1=O,0.4603
COC(=O)C(O)[C@H]1C(C)(C)[C@H](OC(C)=O)[C@]2(O)CC3=C4CC(=O)O[C@@H](c5ccoc5)[C@]4(C)CC[C@@H]3[C@@]1(C)C2=O,1.0
COc1cccc2cc(C)c(C(C)=O)c(O)c12,1.0
COc1cc(OC)c(OC)c(O)c1/C=C/C(=O)c1ccccc1,1.0
C/C=C(\C)C(=O)O[C@H]1C(C)(C)[C@H]([C@@H](O)C(=O)OC)[C@]2(C)C(=O)[C@@]1(O)CC1=C3CC(=O)O[C@@H](c4ccoc4)[C@]3(C)CC[C@@H]12,1.0
C/C=C(\C)C(=O)OC1C(C)(C)[C@H](CC(=O)OC)[C@]2(C)C(=O)[C@@]1(O)C=C1C3CC(=O)O[C@@H](c4ccoc4)[C@]3(C)CCC12,1.0
CC1(C)C(=O)C2(O)C[C@@]34O[C@]2(O)[C@]2(COC(=O)C[C@@H]12)[C@H]3CC[C@]1(C)[C@H]4CC(=O)O[C@H]1c1ccoc1,1.0
C/C=C(\C)C(=O)O[C@H]1C(C)(C)[C@H]([C@@H](O)C(=O)OC)[C@]2(C)C(=O)[C@@]1(O)C=C1[C@@H]3CC(=O)O[C@@H](c4ccoc4)[C@]3(C)CC[C@@H]12,1.0
C/C=C(\C)OC(=O)[C@H]1C(C)(C)[C@H]([C@@H](O)C(=O)OC)[C@]2(C)C(=O)[C@@]1(O)C=C1[C@@H]3CC(=O)O[C@@H](c4ccoc4)[C@]3(C)CC[C@@H]12,1.0
COc1cc(O)c2c(c1)OC(c1ccc(O)c(-c3c(OC)cc(O)c4c3OC(c3ccc(O)cc3)CC4=O)c1)CC2=O,1.0
CC(=O)O[C@H]1CC[C@@]2(C)C(=CC=C3C=C(C(C)(C)O)C(=O)C(O)=C32)C1(C)C,1.0
CC(C)=CCC/C(C)=C/CC/C(C)=C/CC1CNc2ccccc21,1.0
CC(C)c1cc2c(cc1O)[C@@]1(C)CC[C@H](OC(=O)c3ccccc3)C(C)(C)[C@@H]1CC2,1.0
CC(C)C1=CC2=CC=C3C(C)(C)[C@@H](OC(=O)c4ccccc4)CC[C@]3(C)C2=C(O)C1=O,1.0
CC(C)C1=CC2=C(C(=O)C1=O)C1=CC[C@@H](OC(=O)c3ccccc3)C(C)(C)[C@]1(C)C=C2,1.0
CC(C)C1=CC2=CC=C3C(C)(C)[C@@H](OC(=O)/C=C/c4ccccc4)CC[C@]3(C)C2=C(O)C1=O,1.0
C/C=C(\C)C(=O)O[C@H]1C(C)(C)[C@H]([C@@H](O)C(=O)OC)[C@]2(C)C(=O)[C@@]1(O)CC1=C3CC(=O)O[C@@H](c4ccoc4)[C@]3(C)CC[C@@H]12,1.0
COc1ccc2c(OC)c3ccoc3nc2c1OC,1.0
CCC1OC(=O)C(C)C(OC2CC(C)(OC)C(O)C(C)O2)C(C)C(OC2OC(C)CC(N(C)C)C2O)C(C)(O)CC(C)C(=O)C(C)C(O)C1(C)O,1.0
COc1cc(OC)c(OC)c2c1C=CC(c1ccccc1)O2,1.0
CCCCCCCCCCCCCCCC1CC(=O)NCCCN(C)CCCCN(C)CCCN1,1.0
CC(CO)c1cc2c(c(O)c1O)[C@]1(C)CCCC(C)(C)C1=C(O)C2=O,0.5091
CC(C)=CCc1ccc2cc[nH]c2c1,1.0
C=C(C)/C=C/c1ccc2cc[nH]c2c1,1.0
CC(C)=CC(O)C(O)C(C)CCC/C(C)=C/Cc1c[nH]c2ccccc12,1.0
C=C1[C@@H]2CC[C@@]3(C)[C@H](c4ccoc4)OC(=O)C[C@]13O[C@H]1CC(=O)C(C)(C)[C@H](C(OC(C)=O)C(=O)OC)[C@@]12C,1.0
CCCCCCCCCC(O)CCCCCC1CC(=O)NCCCN(C)CCCCN(C)CCCN1,1.0
CCCCCCCCCC(O)CCCCCC1CC(=O)NCCCN(C)CCCCN(C)CCCN1C,1.0
C=C1[C@@H]2CC[C@@]3(C)[C@H](c4ccoc4)OC(=O)C[C@]13O[C@H]1CC(=O)C(C)(C)[C@H]([C@@H](O)C(=O)OC)[C@@]12C,1.0
CC(C)c1cc2c(c(O)c1O)[C@@]1(C)CCCC(C)(C)C1=C(O)C2,1.0
COc1ccc2c(=O)c3c(OC)c4c(cc3n(C)c2c1OC)OCO4,1.0
C/C=C(\C)C(=O)OC1C(C)(C)[C@H]([C@@H](OC(C)=O)C(=O)OC)[C@]2(C)C(=O)[C@@]1(O)C=C1C3CC(=O)O[C@@H](c4ccoc4)[C@]3(C)CCC12,1.0
COC(=O)[C@]1(C)[C@@H]([C@@]2(C)C=CC(=O)C(C)(C)[C@@H]2CO)CC[C@@]2(C)[C@H](c3ccoc3)OC(=O)[C@H]3O[C@]321,1.0
COc1cc(O)c2c(=O)c(O)c(-c3ccc(O)c(OC)c3)oc2c1,1.0
CC1(C)C(=O)C=C[C@]2(C)C3CC[C@@]4(C)[C@H](c5ccoc5)OC(=O)[C@H]5O[C@]54[C@]3(C)C(=O)C[C@@H]12,1.0
COc1ccc(C2CC(=O)c3c(OC)c(OC)c(O)c(OC)c3O2)cc1,0.6275
COc1cc(O)c2c(=O)cc(-c3ccc(O)c(O)c3)oc2c1,1.0
COc1cc(O)c2c(c1)O[C@H](c1ccc(O)cc1)CC2=O,1.0
CC(C)=CC(O)C(O)/C(C)=C/CC/C(C)=C/Cc1c[nH]c2ccccc12,1.0
COc1c2occc2c(OC2O[C@H](CO)[C@@H](O)[C@H](O)[C@H]2O)c2ccc(=O)oc12,1.0
O=C1c2c(O)cccc2[C@H]([C@@H]2O[C@H](CO)[C@@H](O)[C@H](O)[C@H]2O)c2cc(CO)cc(O)c21,1.0
O=C1c2c(O)cccc2[C@@H]([C@@H]2O[C@H](CO)[C@@H](O)[C@H](O)[C@H]2O)c2cc(CO)cc(O)c21,1.0
C=C(C)[C@@H]1CC[C@@]2(C)CCC(=O)C(C)=C2C1,1.0
C=C(C)[C@@H]1CC[C@@]2(C)CCC=C(C)[C@H]2C1,1.0
C=CCc1cc(OC)c2c(c1OC)OCO2,1.0
C[C@@H]1CC[C@H]2[C@@H](C)C(=O)O[C@@H]3O[C@@]4(C)CC[C@@H]1[C@]32OO4,1.0
C=C(C)[C@@H]1CC[C@@]2(C)CCCC(=C)[C@@H]2C1,1.0
CC(=O)O[C@@H]1C=C[C@H]2O[C@@]2(COC(=O)c2ccccc2)[C@H]1OC(C)=O,1.0
C=C(C)[C@@H]1CC[C@]2(C(=O)O)CC[C@]3(C)[C@H](CC[C@@H]4[C@@]5(C)CC[C@H](O)C(C)(C)[C@@H]5CC[C@]43C)[C@@H]12,1.0
CCCCCCCCCCCCCCCC1CC(=O)NCCCN(C)CCCCN(C)CCCN1C,1.0
COC(=O)c1cc(OC)c2cc(OC)c(OC)c(O)c2c1O,1.0
COc1cc(C(=O)O)c(O)c2ccc3c(c12)C=CC(C)(C)O3,1.0
COc1cc(C(=O)O)c(O)c2ccc3c(c12)C=CC(C)(CCC=C(C)C)O3,1.0
COc1cc(C(=O)O)c(O)c2ccc3c(c12)C=C1/C(=C(\C)C=O)CCC1(C)O3,1.0
COc1c2occc2c(OC2O[C@H](CO)[C@@H](O)[C@H](O)[C@H]2O)c2ccc(=O)oc12,1.0
O=C(CCc1ccccc1)c1c(O)c(Cc2ccccc2O)c2c(c1O)Cc1ccccc1O2,1.0
O=C(CCc1ccccc1)c1c(O)c(Cc2ccccc2O)c2c(c1O)Cc1ccccc1O2,1.0
Cc1cc(O)c2c(c1)C(O)(c1cc(O)c3c(c1)C(=O)c1c(O)c(C)cc(O)c1C3=O)c1cccc(O)c1C2=O,0.7407
Cc1cc(O)c2c(c1)C(=O)c1cccc(O)c1C2=O,1.0
CC1=C2C[C@H]3CC[C@@H](C)[C@]2(CC1)C3(C)C,1.0
COc1cc(OC)c2c(c1OC)O[C@H]1c3c(OC)cc(OC)c(OC)c3O[C@H](c3ccccc3)[C@H]1[C@@H]2/C=C/c1ccccc1,1.0
COc1c2ccccc2nc2occc12,1.0
C=CCc1cc2c(c(OC)c1OC)OCO2,1.0
COC(=O)C(C1=CC(=O)C=C(C/C=C(\C)CCC=C(C)C)C1=O)C(C(=O)OC)C1=CC(=O)C=C(C/C=C(\C)CCC=C(C)C)C1=O,0.3878
COc1c(Cc2ccccc2O)c(O)c(Cc2ccccc2O)c(O)c1C(=O)CCc1ccccc1,1.0
O=C1C[C@@H](c2ccc(O)c(O)c2)Oc2cc(O)cc(O)c21,1.0
CC(C)CNC(=O)/C=C/c1ccc2c(c1)OCO2,1.0
CC(C)c1cc2c(cc1O)[C@@]1(C)CCCC(C)(C)[C@@H]1CC2,1.0
COC(=O)C[C@H]1C(C)(C)[C@H](OC(C)=O)[C@@H]2CC3=C4CC(=O)O[C@@H](c5ccoc5)[C@]4(C)CC[C@@H]3[C@@]1(C)C2=O,1.0
COc1c(-c2ccc(O)cc2)oc2cc3c(c(O)c2c1=O)C=CC(C)(C)O3,1.0
COc1c2ccoc2nc2c(OC)c3c(cc12)OCO3,1.0
CC1(C)CC[C@]2(C)CC[C@]3(C)C4CC=C5[C@@H](CC[C@H](O)C5(C)C)[C@]4(C)CC[C@@]3(C)C2C1,1.0
C[C@H]1CC[C@@H](C(C)(C)O)CC2=C1CC[C@@H]2C,1.0
CC(C)C1=CC2=CC=C3C(C)(C)[C@@H](O)CC[C@]3(C)C2=C(O)C1,1.0
C/C1=C\CC/C(C)=C/CC(C)(C)/C=C/C1,1.0
COc1c(Cc2ccccc2O)c(O)c(Cc2cc(Cc3ccccc3O)ccc2O)c(O)c1C(=O)CCc1ccccc1,1.0
COC(=O)[C@@H](O)[C@H]1C(C)(C)C(=O)[C@]2(O)C[C@@]34O[C@]2(O)[C@]1(C)[C@H]3CC[C@]1(C)[C@H]4CC(=O)O[C@H]1c1ccoc1,1.0
COC(=O)[C@@H](O)[C@H]1[C@@]2(C)C[C@]3(O)[C@@H](C(=O)[C@H]2O)[C@]24O[C@]25CC(=O)O[C@@H](c2ccoc2)[C@]5(C)CC[C@@H]4[C@]13C,1.0
COC(=O)[C@@H](O)[C@H]1[C@@]2(C)C[C@]3(O)[C@@H]4[C@@H](O[C@]56CC(=O)O[C@@H](c7ccoc7)[C@]5(C)CCC([C@]13C)[C@]46O)[C@H]2O,1.0
COC(=O)[C@@H](O)[C@H]1[C@@]2(C)C[C@]3(O)[C@@H](C(=O)[C@H]2O)[C@]2(O)C4=CC(=O)O[C@@H](c5ccoc5)[C@]4(C)CC[C@@H]2[C@]13C,1.0
COC(=O)C[C@H]1[C@@]2(C)C[C@]3(O)[C@@H]4[C@@H](O[C@]56CC(=O)O[C@@H](c7ccoc7)[C@]5(C)CCC([C@]13C)[C@]46O)[C@H]2O,1.0
COC(=O)[C@@H](O)[C@@H]1[C@@]2(C)[C@H]3CC[C@@]4(C)[C@H](c5ccoc5)OC(=O)C[C@@]45O[C@H]4C(=O)[C@]1(C)C[C@]2(OC(C)=O)[C@H]4[C@@]35O,1.0
COC(=O)[C@@H](O)[C@H]1C(C)(C)C(=O)[C@@H]2C[C@]3(O)[C@@H]4CC(=O)O[C@@H](c5ccoc5)[C@]4(C)CC[C@@H]3[C@@]1(C)C2=O,1.0
COC(=O)[C@@H](OC(=O)c1ccccc1)[C@H]1C(C)(C)C(=O)[C@@H]2C[C@]3(OC(=O)c4ccccc4)[C@@H]4CC(=O)O[C@@H](c5ccoc5)[C@]4(C)CC[C@@H]3[C@@]1(C)C2=O,1.0
COC(=O)[C@@H](OC(=O)C(OC)(c1ccccc1)C(F)(F)F)[C@H]1C(C)(C)C(=O)[C@@H]2C[C@]3(OC(=O)C(OC)(c4ccccc4)C(F)(F)F)[C@@H]4CC(=O)O[C@@H](c5ccoc5)[C@]4(C)CC[C@@H]3[C@@]1(C)C2=O,1.0
COC(=O)[C@@H](O)[C@H]1C(C)(C)C(=O)[C@@H]2C[C@]3(O)[C@@H]4CC(=O)O[C@@H](c5ccoc5)[C@]4(C)CC[C@@H]3[C@@]1(C)C2OC(=O)C(OC)(c1ccccc1)C(F)(F)F,1.0
COC(=O)[C@@H](O)[C@H]1C(C)(C)C(=O)[C@@H]2C[C@]3(O)[C@@H]4CC(=O)O[C@@H](c5ccoc5)[C@]4(C)CC[C@@H]3[C@@]1(C)C2OC(=O)C(OC)(c1ccccc1)C(F)(F)F,1.0
COC(=O)[C@@]1(C)[C@@H]([C@@]2(C)C=CC(=O)C(C)(C)[C@@H]2CO[C@@H]2O[C@H](CO)[C@@H](O)[C@H](O)[C@H]2O)CC[C@@]2(C)[C@H](c3ccoc3)OC(=O)[C@H]3O[C@]321,1.0
CC(C)=CCC/C(C)=C/CC1=CC(=O)C=C(c2cc3cc(O)cc(C/C=C(\C)CCC=C(C)C)c3o2)C1=O,0.4603
COC(=O)C(C1=CC(=O)C=C(C/C=C(\C)CCC=C(C)C)C1=O)C(C(=O)OC)C1=CC(=O)C=C(C/C=C(\C)CCC=C(C)C)C1=O,0.3878
CC1(C)/C=C\C[C@@]2(C)Oc3ccccc3C[C@@H]2CC[C@@]2(C)Oc3ccccc3C[C@@H]2C1,1.0
C=C(C)[C@@H]1CC[C@]2(C)CC[C@]3(C)[C@](C)(CCC4[C@@]5(C)CC[C@H](O)C(C)(C)C5CC[C@]43C)C12,1.0
COc1cc(OC)c2nc3occc3c(OC)c2c1,1.0
COc1c(OC)c(OC)c2c(c1OC)c(=O)c1ccccc1n2C,1.0
COC(=O)C(O)[C@H]1C(C)(C)[C@H](OC(C)=O)[C@@H]2C[C@H]3C4=CC(=O)O[C@@H](c5ccoc5)[C@]4(C)CC[C@@H]3[C@@]1(C)C2=O,1.0
COC(=O)c1cc(OC)c2cc(O)c3c(c2c1O)C=CC(C)(CCC=C(C)C)O3,1.0
C=C1[C@@H]2CC[C@@]3(C)[C@H](c4ccoc4)OC(=O)C[C@]13O[C@H]1CC(=O)C(C)(C)[C@H]([C@H](O)C(=O)OC)[C@]12C,1.0
C=C1C2CCC3(C)C(c4ccoc4)OC(=O)CC13OC1CC(=O)C(C)(C)C(CC(=O)OC)C12C,1.0
COC(=O)C[C@@H]1OC(C)(C)[C@@H]2CC(=O)[C@]3(C)[C@H](CC[C@@]4(C)[C@H](c5ccoc5)OC(=O)[C@H]5O[C@]543)[C@@]12CO,1.0
O=C(/C=C/c1ccc(O)cc1)OC[C@H]1O[C@@H]([C@H]2c3cccc(O)c3C(=O)c3c(O)cc(CO)cc32)[C@H](O)[C@@H](O)[C@@H]1O,1.0
O=C1c2c(O)cccc2[C@@H]([C@@H]2O[C@H](COC/C=C/c3ccc(O)cc3)[C@@H](O)[C@H](O)[C@H]2O)c2cc(CO)cc(O)c21,1.0
C=CCc1cc(OC)c2c(c1)OCO2,1.0
CCCCC/C=C/C=C/C(=O)NCC(C)C,1.0
COc1cc2c[n+](C)c3c4cc5c(cc4ccc3c2cc1OC)OCO5,1.0
CC(=O)O[C@H]1CC(C)(C)[C@]2(O)CC[C@H]3[C@H](C)C4=CC(=O)OC4=C[C@@H]3[C@@]2(C)[C@H]1OC(C)=O,1.0
COc1c(OC)c(OC)c2c(c1O)c(=O)c1ccccc1n2C,1.0
C=CCc1c(OC)c(OC)c2c(c1OC)OCO2,1.0
C[C@@H]1CC[C@H]2C(C)(C)[C@H](O)CC[C@@]2(C)[C@@]1(O)CCc1ccoc1,0.7451
CO[C@@H]1C=C[C@H]2C[C@@]2(COC(=O)c2ccccc2)[C@H]1OC(C)=O,1.0
O=C(OC[C@]12OC1C=C[C@H](OC(=O)c1ccccc1)C2O)c1ccccc1,1.0
O=C1C=C2C=C[C@@H]3C[C@@]2(O1)[C@H]1CCCCN31,1.0
CC1(C)C(=O)[C@@H]2C[C@@]34O[C@]2(O)[C@]2(COC(=O)C[C@@H]12)[C@H]3CC[C@]1(C)[C@H]4CC(=O)O[C@H]1c1ccoc1,1.0
c1cc2c(cc1[C@H]1OC[C@H]3[C@@H]1CO[C@@H]3c1ccc3c(c1)OCO3)OCO2,1.0
CC[C@@H](CC[C@@H](C)[C@H]1CC[C@H]2[C@@H]3CC=C4C[C@@H](O)CC[C@]4(C)[C@H]3CC[C@]12C)C(C)C,1.0
COc1ccc2c(OC)c3ccoc3nc2c1OC,1.0
CC[C@@H](/C=C/[C@@H](C)[C@H]1CC[C@H]2[C@@H]3CC=C4C[C@@H](O)CC[C@]4(C)[C@H]3CC[C@]12C)C(C)C,1.0
C/C=C(\C)C(=O)O[C@H]1C(C)(C)[C@H]([C@@H](O)C(=O)OC)[C@]2(C)C(=O)[C@@]1(O)[C@H]1O[C@]13[C@@H]1CC(=O)O[C@@H](c4ccoc4)[C@]1(C)CC[C@H]23,1.0
C/C=C(/C)C(=O)O[C@@H]1C23O[C@](C)(OC)OC2C24OC5(C)OC2(C(O)C[C@@](C)([C@@H](OC(C)=O)c2ccoc2)C4(CC(=O)OC)O5)C2(C)C(CC(=O)OC)[C@@]1(C)CC32O,1.0
C/C=C(/C)C(=O)O[C@@H]1C23O[C@](CC)(OC)OC2C24OC5(C)OC2(C(O)C[C@@](C)([C@@H](OC(C)=O)c2ccoc2)C4(CC(=O)OC)O5)C2(C)C(CC(=O)OC)[C@@]1(C)CC32O,1.0
COC(=O)C[C@H]1C2(C)C[C@]3(O)[C@]4(O[C@](C)(OC)O[C@H]4[C@]45OC6(C)O[C@@]4(CC(=O)OC)[C@](C)([C@@H](OC(C)=O)c4ccoc4)C[C@@H](O)[C@]5(O6)[C@]13C)[C@H]2OC(=O)C1(C)OC1C,1.0
CCC(=O)O[C@@H]1[C@@H](O)[C@@H](OC(=O)C2(C)OC2C)[C@]2(C)CC3OC4(C)O[C@@]15[C@H](CC(=O)OC)[C@](C)([C@@H](OC(C)=O)c1ccoc1)C[C@@H](O)[C@]5(O4)[C@]3(C)[C@H]2CC(=O)OC,1.0
COC(=O)C[C@H]1[C@@]2(C)CC3OC4(C)O[C@@]5([C@H](O)C[C@@](C)([C@H](OC(C)=O)c6ccoc6)[C@@](O)(CC(=O)OC)[C@@]5(O4)[C@H](OC(C)=O)[C@@H](OC(C)=O)[C@H]2OC(=O)C2(C)OC2C)[C@@]31C,1.0
C/C=C(\C)C(=O)O[C@@H]1C2(OC(C)=O)[C@H]3OC4(C(C)C)OC35C3=CC(=O)O[C@@H](c6ccoc6)[C@]3(C)CCC5(O4)[C@]3(C)[C@@H](CC(=O)OC)[C@@]1(C)C[C@]23O,1.0
C/C=C(\C)C(=O)O[C@@H]1C2(OC(C)=O)[C@H]3OC4(C(C)CC)OC35C3=CC(=O)O[C@@H](c6ccoc6)[C@]3(C)CCC5(O4)[C@]3(C)[C@@H](CC(=O)OC)[C@@]1(C)C[C@]23O,1.0
C/C=C(\C)C(=O)O[C@@H]1C2(O)[C@H]3OC4(C(C)CC)OC35C3=CC(=O)O[C@@H](c6ccoc6)[C@]3(C)CCC5(O4)[C@]3(C)[C@@H](CC(=O)OC)[C@@]1(C)C[C@]23O,1.0
C/C=C(\C)C(=O)O[C@@H]1C2(O)[C@H]3OC4(C(C)C)OC35C3=CC(=O)O[C@@H](c6ccoc6)[C@]3(C)CCC5(O4)[C@]3(C)[C@@H](CC(=O)OC)[C@@]1(C)C[C@]23O,1.0
C/C=C(\C)C(=O)O[C@@H]1C2(O)[C@H]3OC4(C(C)CC)OC35C3=CC(=O)O[C@@H](c6ccoc6)[C@]3(C)CCC5(O4)[C@]3(C)[C@@H]([C@@H](O)C(=O)OC)[C@@]1(C)C[C@]23O,1.0
C/C=C(\C)C(=O)O[C@@H]1C2(O)[C@H]3OC4(CC)OC35C3=CC(=O)O[C@@H](c6ccoc6)[C@]3(C)CCC5(O4)[C@]3(C)[C@@H](CC(=O)OC)[C@@]1(C)C[C@]23O,1.0
C/C=C(\C)C(=O)O[C@@H]1C2(O)[C@H]3OC4(C)OC35C3=CC(=O)O[C@@H](c6ccoc6)[C@]3(C)CCC5(O4)[C@]3(C)[C@@H](CC(=O)OC)[C@@]1(C)C[C@]23O,1.0
C/C=C(\C)CO[C@H]1[C@]2(C)C[C@@]34O[C@]5(CC)O[C@]6([C@@H]7CC(=O)O[C@@H](c8ccoc8)[C@]7(C)CC[C@]6(O5)[C@]3(C)[C@H]2CC(=O)OC)[C@H](O)[C@@]14OC(C)=O,1.0
COc1cc(C=O)cc(OC)c1O,1.0
C[C@@H]1CC[C@H]2[C@@H]1[C@H]1[C@@H](CC[C@@]23CCc2ccccc2O3)C1(C)C,1.0
CC(C)C1=CC2=CC(=O)[C@H]3C(C)(C)CCC[C@]3(C)C2=C(O)C1=O,1.0
COc1c2c(cc3c1c(=O)c1cccc(OC)c1n3C)OCO2,1.0
C[C@]12C[C@]34CC[C@@H]5[C@](C)(CO)CC(O)C[C@@]5(C)[C@@H]3CC1C2C4,0.617
COc1c(Cc2cc(Cc3ccccc3O)ccc2O)c(O)c(Cc2ccccc2O)c(O)c1C(=O)CCc1ccccc1,1.0
COc1ccccc1Cc1c(OC)cc(OC)c(C(=O)CCc2ccccc2)c1OC,1.0
COc1c2occc2cc2ccc(=O)oc12,1.0
COc1c2occc2c(OC2O[C@H](CO)[C@@H](O)[C@H](O)[C@H]2O)c2ccc(=O)oc12,1.0
