SI,pf_nf54,hepg2
276.60828323883277,0.0014042284,0.3884214836074962
61.33706294321539,0.005457281,0.3347336495328764
1398.7569024115503,0.0002706195,0.378532292309065
1512.8266934630024,0.00032662193,0.4941238872010977
51.966680344964956,0.007790113,0.4048263640888364
249.33065616792277,0.0016964743,0.4229832997216736
446.22849186516936,0.0011712606,0.5226502973475852
842.7030666051661,0.00060136174,0.5067702251400852
1138.7813697304935,0.00032096863,0.3655142348932897
225.1369622932629,0.0017091889,0.3848018220683258
24.96369317753032,0.019553326,0.4881232558279194
258.1509855524444,0.0018764203,0.484400007906599
96.23361648574361,0.0032206408,0.309934007819155
272.72700169969454,0.0017322246,0.4724246941554544
1320.502019125418,0.0003307781,0.4367944694344885
6026.726711004756,9.527726e-05,0.574216034520056
12.24876549376657,0.043364108,0.5311568019871323
1134.3427275114816,0.00035966016,0.4079790212143434
19.55225439365691,0.018907836,0.3696908390577987
76.58764283124893,0.0054423376,0.4168158848635194
428.6877901917057,0.000884236,0.3790616055357433
53.95571883078678,0.008830649,0.4764640684930872
122.12061779856012,0.0028022618,0.3422140643699229
443.67899458277304,0.0008706702,0.3862985226281765
19.0982312331649,0.018549116,0.35425532563703
95.30600682945133,0.003431265,0.3270202608296642
1084.6018963081087,0.0002411737,0.2615785369615392
559.1139878801574,0.00034784238,0.194484099349513
113.84000537888825,0.0028040812,0.3192167327308448
116.50513148290409,0.0037154248,0.4328661713439741
169.79084376210758,0.0014225785,0.2415409736236771
566.4563692957383,0.00039887533,0.2259460376898088
267.21768721658526,0.0016371867,0.4374855107334406
67.9563506225392,0.0056833276,0.3862182710447049
582.5929705259839,0.0007713745,0.4493979439359661
45.47460334861446,0.010910378,0.4961451574080528
595.5511609943378,0.00064097025,0.381731172101492
28.65248032071892,0.016114747,0.4617274999433445
159.49449891076242,0.002905866,0.4634698010663204
83.83695218772128,0.004645831,0.3894923952561855
845.8678633223464,0.0005835988,0.4936483158613487
482.8356782799704,0.0010000779,0.4828737740149866
964.4157242689906,0.0005525071,0.5328474994259839
2101.966441110251,0.00027614,0.5804391150146259
116.69251192464368,0.0041548307,0.4848377476971376
395.9947186242198,0.0011049117,0.4375395937408269
186.73318965146393,0.003046821,0.5689427903602526
614.1806112924328,0.0008356439,0.5132368955054039
121.36191518575816,0.0039623813,0.4808823046261494
128.65131702868752,0.002729697,0.3511792427905742
32.565337867876366,0.011838301,0.3855183044119565
198.910995957231,0.0018462911,0.3672478004389675
458.1407307054794,0.00083865196,0.3842210799027132
776.3106273666408,0.00044234053,0.3433944306646198
180.75193952887855,0.002061108,0.3725494493304273
110.18165755770055,0.002694556,0.2968907566437049
11.349497717953353,0.029509239,0.3349150520385378
184.04179863565523,0.0022902393,0.4214999441198626
85.13586077698616,0.005740751,0.4887438630272049
464.18794388994746,0.0012101729,0.5617481343902788
1142.9589892566123,0.00046716948,0.5339566996313264
1668.9663017068367,0.0002845223,0.4748597997504248
1209.8906604233907,0.00029220464,0.3535368747590396
1126.2187729195184,0.00029051653,0.3271862961482094
364.76966401889695,0.0010666619,0.3890862676544223
201.10082458926342,0.0026946997,0.5419065327912653
121.37638414259894,0.0043858625,0.5323402529730035
1491.8751359627222,0.00036874006,0.5501156190225382
3006.6435219706545,0.00019158231,0.5760227179291957
535.3451502646544,0.000961736,0.514861238780078
876.8876116085914,0.0006266605,0.5495117060220573
541.8837875355074,0.0010112576,0.5479846403458546
174.818399148716,0.0029940242,0.5234106924749142
15.48312828267887,0.031418607,0.4864583381272006
9766.949753518544,5.7566667e-05,0.5622605110162876
419.14736960384334,0.0010874553,0.4558044477041279
243.64335185748814,0.0019468081,0.4743270945506598
361.50505507421207,0.0013308168,0.4810973620827417
443.67899458277304,0.0008706702,0.3862985226281765
56.84984444962415,0.007108392,0.4041110363367972
387.9983218001541,0.0008214191,0.3187096202929148
509.7852980679747,0.0005907293,0.3011456220632841
428.6877901917057,0.000884236,0.3790616055357433
52.9247060787965,0.006073494,0.3214379377460401
917.1776459027222,0.0004646079,0.4261288971674533
10.514148128508927,0.044133045,0.4640213830062984
151.62185078479882,0.0022591087,0.3425303938398916
262.6473231502921,0.001838646,0.4829157127683151
609.1054406180453,0.00076993764,0.4689738145660586
2924.832137867549,0.00016202264,0.4738919493662821
141.46824047743607,0.0027096546,0.3833302100318313
4116.097854407006,0.0001366806,0.5625948404969165
2180.39414719766,0.00013636232,0.2973257848204416
638.5045984985773,0.0005751857,0.3672593529452216
953.4300403643126,0.00025191615,0.2401853784929626
93.91634257262902,0.0027314057,0.2565237273423741
666.3808134504463,0.00044602784,0.297225061221559
413.54324530929915,0.00061705976,0.2551813092434226
1841.6615847514088,0.00020853383,0.3840505854936656
887.5713868764402,0.00065558136,0.5818761444769297
72.38267053303008,0.0047477586,0.3436555188968307
189.62215162728035,0.0017513043,0.3320862791422597
82.70880721796613,0.0045080013,0.3728514931688479
793.715287512923,0.0003733442,0.2963297927595698
510.6487833649153,0.0007625616,0.3894016639295866
45.37871164249628,0.0076831896,0.348653290731738
56.892948744220945,0.0075780805,0.431139402359029
345.0561952685462,0.0011025728,0.380449920430783
361.366006346777,0.0011982425,0.4330044682259842
126.83201131378631,0.003844362,0.4875882915103015
92.81053339927414,0.0047503575,0.4408833062227758
89.47938636382703,0.0059000114,0.5279294890909705
372.94066994475844,0.00050595886,0.1886930091535562
1650.3797492292022,0.00024032417,0.3966277937980654
640.0020318084704,0.0008530676,0.5459656372720073
569.3408745653122,0.00064652483,0.3680935814812644
477.4116633213555,0.0011120903,0.5309253572982084
56.84984444962415,0.007108392,0.4041110363367972
333.28314362717657,0.001088457,0.3627647039461493
192.5116379513229,0.0018462288,0.3554207228325433
4749.23970886069,9.365779e-05,0.4448080445518446
656.524173861879,0.00044216492,0.2902926153378777
168.60287285516995,0.0024564865,0.4141708496328143
236.56013233018498,0.0016738494,0.395966272124933
110.4054804132171,0.0031202917,0.3444974145733543
354.2052339672969,0.0012900045,0.4569266999465998
1000.9556499386947,0.000320062,0.3203688681863285
198.57830655870157,0.0017385323,0.3452349986099111
782.2387649591503,0.00043055747,0.3367995258155014
362.9056211791988,0.00091786776,0.333099732508781
31.084614728369978,0.013635488,0.4238539221979268
63.58475048995279,0.008567807,0.5447819339258214
157.69932916212076,0.0033113977,0.5222053535783188
1250.1747080143755,0.0003799494,0.4750043803799452
903.1472972794764,0.00052434515,0.473561808211399
748.214959466997,0.0005317922,0.3978956275828246
5085.375986994734,0.00010563214,0.537184233586853
445.9007623371004,0.0009965147,0.4443471103108892
114.30233372491804,0.00264662,0.3025149567853763
118.97166277193394,0.0016811289,0.200006819538615
225.1958321554567,0.0016692064,0.3758985494830463
5608.334740805586,5.0866103e-05,0.2852797409190361
224.98519256564126,0.0014890593,0.3350165183373515
2657.1425825905835,0.00010887127,0.2892891446802993
144.43515814331005,0.0021940868,0.3169034183733072
2901.025471195909,8.7461616e-05,0.2537312767934269
262.6371726268952,0.0011072082,0.2907942937944865
22.602931758491852,0.011537201,0.2607745894899357
161.49767914145346,0.0030671342,0.4953352164130577
618.6989994794096,0.00071868044,0.4446474878724213
85.16808686334495,0.005934379,0.5054197913200971
3037.6118571741563,0.0001384294,0.4204978244333613
165.3514963405868,0.0030190255,0.4992005492668846
258.0553279217998,0.0018496828,0.4773207595606407
191.70411833758953,0.0018636564,0.3572707987503244
110.25189108975857,0.0039371816,0.4340818272156925
43.00897586769867,0.011802971,0.5076337379151231
25.076971031175738,0.021808987,0.5469033602952592
765.7889377977112,0.0006953321,0.5324783960645898
486.31296185567976,0.00093941164,0.4568485433630634
51.71574035963101,0.00793227,0.4102232674982306
318.9744753678422,0.00052978337,0.1689876914788328
212.6191053978978,0.0011233483,0.2388455232153547
10.857881772046374,0.05205613,0.5652193159081582
23.80012211661491,0.023314541,0.5548889466929473
139.7286375813991,0.0039307373,0.5492367073480249
281.02450693169806,0.001130136,0.3175961931902684
137.99337880536666,0.0023566105,0.3251967834165833
277.790101170379,0.001117128,0.3103273779303643
308.9607879614724,0.0010639628,0.3287230940104824
113.84000537888825,0.0028040812,0.3192167327308448
197.9255156260266,0.002381425,0.471344968975226
16.430677995465068,0.021933805,0.3603873036009997
235.45956336639568,0.0018373171,0.4326141175911757
281.92860204204584,0.0015453441,0.4356769837155255
251.4201177844794,0.0018285739,0.4597405167357426
2255.2581816565566,0.00026680483,0.6017160310211683
639.2828160115907,0.0007844364,0.5014773500568106
67.97753708196456,0.0067884787,0.4614641305369137
262.4680028095719,0.001138237,0.2987510545819615
884.6914897461994,0.00042269277,0.3739535810877374
67.9563506225392,0.0056833276,0.3862182710447049
55.211923958481975,0.0056117866,0.3098375902423521
65.53234989433126,0.004612437,0.3022639008819095
35.27078699979981,0.009487008,0.3346142737041838
1456.646703531694,0.00020448683,0.2978665234818494
117.11524253001757,0.0031029596,0.3634039832300888
54.28349591655027,0.004803938,0.2607746030898566
452.4117052016916,0.00068269286,0.3088586933333249
310.9341151712393,0.0015700175,0.4881723130999763
94.48946469620054,0.0036483624,0.3447319046832102
146.18265029196368,0.002300203,0.336249916932176
94.48946469620054,0.0036483624,0.3447319046832102
362.7505824847238,0.00067809224,0.2459787177889536
17.570313260194023,0.021194894,0.37240094466692
1324.554088720387,0.00023681177,0.3136713227647006
496.45829400744725,0.0004064702,0.2017959985151599
18.79440791039085,0.020248594,0.3805603540423006
173.92660576820694,0.0023785322,0.4136902061829917
39.213986583250175,0.008479789,0.332526371288779
1492.0079518112816,0.00038639942,0.576512499223219
339.97095668187836,0.0010538804,0.3582890677872373
190.26418006747318,0.0022775452,0.4333354603087892
20.614944282554156,0.01727214,0.3560642243554192
38.84536322307965,0.009317809,0.3619537138936438
84.4132167879702,0.0064905873,0.547891437249363
66.3229823057183,0.0071351067,0.4732216217364944
414.5569685657828,0.000961631,0.3986512467958509
1694.6152243575568,0.00015896843,0.2693920162854429
18872.74283083725,1.3371481e-05,0.2523753949232574
960.8308697966509,0.00038255152,0.3675682705345007
9461.139805584313,2.1495645e-05,0.203382763696015
360.09375059555305,0.0007506505,0.2703049140251778
2438.306123747119,0.00016336513,0.3983366351918679
3149.410166695398,8.241837e-05,0.2595724018106297
2810.858161708591,0.0001362994,0.3831210917841456
1067.5165865063761,0.00041082953,0.4385684050182053
1816.7599159948616,0.00020715533,0.3763533166886038
425.9863454791542,0.0006564757,0.2796501103252151
116.32290888875886,0.0037741817,0.4390239103416299
63.53319308981665,0.009312718,0.5916667744182041
1052.3367803884362,0.00026022416,0.2738445070504657
68.58130236659248,0.0042021424,0.288188467103181
110.79068429791849,0.0019519597,0.216259061675644
191.423985065069,0.0017587945,0.3366756435245105
25.033033571533608,0.016729165,0.4187817741017586
143.0647343507636,0.0023725575,0.3394294515341461
324.62968206418964,0.00055529573,0.1802658009111842
51.76958507964612,0.009133483,0.4728366770115865
134.7096683500699,0.0025093644,0.3380357808031405
515.9684973408333,0.00033866856,0.1747428239682812
668.7706883538161,0.00032042718,0.2142929745065605
52.10070564261905,0.0094703585,0.4934124126392809
2321.959328980726,8.021343e-05,0.1862546440573714
695.9170403638665,0.00085733924,0.596637682405647
175.75849786217802,0.0022893427,0.4023716098022407
922.6956467978938,0.0005389302,0.4972694721635651
1308.7473095504945,0.000493873,0.646356268756941
347.23211318338053,0.0012400114,0.4305721260255953
1303.3980353372192,0.0004478786,0.5837653907076197
62.347587250074184,0.0064615454,0.4028618279444028
2438.306123747119,0.00016336513,0.3983366351918679
298.7857978833442,0.0012661495,0.3783077873828951
46.627410964519086,0.0010011032,0.0466788969517061
26.119588505226076,0.015254015,0.3984286209721346
148.01591572206755,0.002080311,0.3079192856676058
146.04103500826344,0.002397147,0.3500819749879887
142.7779584549395,0.002216724,0.3164994699560258
406.2049596058939,0.0011433483,0.4644341562219271
110.92196088121507,0.0026816411,0.2974530001136194
544.0563924398043,0.000595673,0.324080247510188
809.1210355763427,0.00042405288,0.3431109145257662
188.64057490633277,0.0016022841,0.3022559824278509
282.68162975724186,0.0011847641,0.3349113293475016
199.91477104137064,0.0017635948,0.3525688505665229
1024.14433302613,0.00032103935,0.3287916551252254
342.286775738843,0.0009357264,0.3202871147164907
43.55068627312702,0.009515311,0.4143983677029208
340.01895900860137,0.0013221023,0.4495401877678366
2012.5667932054369,0.00021122576,0.4251079630123744
1942.3372626986713,0.0002209971,0.4292528446156072
462.2313798639207,0.0007213005,0.3334081876429158
596.6951762615624,0.00078036083,0.4656381396996454
1294.6752593641907,0.00024218965,0.3135582426043319
188.64057490633277,0.0016022841,0.3022559824278509
45.488193751821626,0.012246898,0.5570893145709905
425.15628029594296,0.000796185,0.3385034781837057
2092.9947867885903,0.00022065874,0.4618396854741258
11.47761831249821,0.041966416,0.4816745162691362
1019.4879206775707,0.00035838282,0.3653679754562848
450.13268883000336,0.0010845338,0.4881845656537099
134.16852924396304,0.0036382729,0.4881418581496974
3372.814712418924,7.569319e-05,0.2553024776766334
161.77452572663296,0.0021570893,0.3489622602320204
10.699161677789144,0.04392163,0.4699246312211957
23.887089359202122,0.020386785,0.4869809789289308
133.9273511330801,0.0022473265,0.3009786192035271
295.24018756248313,0.0013804972,0.4075785474976703
112.76492443142729,0.0046176724,0.5207115920000119
541.1537107870691,0.00059785653,0.3235328208814915
1345.8974609666132,0.00022633854,0.3046298122023512
28.78690824203082,0.012764276,0.3674440707748644
159.21920288055367,0.002070753,0.329703801241718
2845.1441498883382,0.00014445078,0.4109861368079572
29.638643774175108,0.013827136,0.4098175879597163
610.6649989506074,0.0005798557,0.3540981910970027
1179.3205575396678,0.00023871781,0.281526000104406
84.53611944132003,0.0028812056,0.2435660252727196
139.7690132256202,0.001409532,0.1970090365189481
139.7690132256202,0.001409532,0.1970090365189481
134.82683243146852,0.0030102618,0.4058641981102832
1145.1289022702717,0.0003333601,0.3817414305026103
1660.0162017041923,0.00025348266,0.4207869824672769
35.608233715884985,0.013131932,0.4676049394053427
514.5307783438457,0.0007377329,0.3795867977776408
97.78757386414873,0.0051418934,0.5028133784416527
350.46026673492554,0.0013856131,0.4856026870776738
15.864128170820413,0.03075769,0.4879439522624895
83.78044325545977,0.00581491,0.4871758210710489
1271.5406470523192,0.0002551217,0.3243988830357347
1812.5232926326264,0.00019041206,0.3451281064714538
136.4005188087366,0.0027507767,0.3752075054075032
84.53611944132003,0.0028812056,0.2435660252727196
4339.4681167853005,7.497889e-05,0.325372842055069
4339.4681167853005,7.497889e-05,0.325372842055069
12.99133741821532,0.034586154,0.4493204096036949
2879.1508307200033,0.00013798923,0.3972946853357443
34.24348093891691,0.013473098,0.4613658087946404
1217.7765304849509,0.00045170123,0.5500723744617153
20.281519384864083,0.01928903,0.3912108561417442
2321.562478364371,0.00019828457,0.4603323393130919
33.44972992880807,0.010629043,0.3555386512014178
214.51554514030028,0.0015756185,0.3379948759761873
37.04026396860083,0.010130536,0.3752377646236776
1955.8497956345159,0.0002141908,0.4189269882565891
281.92860204204584,0.0015453441,0.4356769837155255
18.697848032287343,0.021479454,0.4016195854063545
489.42272218297023,0.0007926109,0.3879222737326162
97.27939527861508,0.0052980287,0.5153891253841425
635.6720394244405,0.0005087194,0.3233793341648171
81.97916322820186,0.0045952005,0.3767107738349781
272.9279368627947,0.0013839535,0.3777198463969806
1674.8418721613748,0.00024177553,0.4049374561498808
272.62835608128756,0.0011857552,0.3232707635191944
214.52099965152047,0.0015347683,0.3292402444704643
379.3089581316521,0.0007967668,0.3022211640908486
92.25756133121878,0.0030634678,0.2826281607022752
98.30017481921766,0.0031625228,0.3108766424099365
39.11963659292376,0.009042954,0.3537571133261629
381.9654172008489,0.0007688276,0.2936659369549446
45.38595796240069,0.0068473695,0.3107744696659826
17.1635664204185,0.024810635,0.4258389989188264
104.85543019754881,0.003932444,0.4123382122031999
104.85543019754881,0.003932444,0.4123382122031999
62.29950021588042,0.0042733806,0.2662295379117394
406.2049596058939,0.0011433483,0.4644341562219271
33.44972992880807,0.010629043,0.3555386512014178
105.3488443793946,0.0056499876,0.5952197697667536
56.86261080755959,0.009165495,0.5211740319062441
133.69944982233937,0.0039635254,0.5299212990363175
337.2373395558752,0.0013437523,0.4531637879114278
67.64728880001859,0.004936036,0.3339095204665774
1248.5825347844868,0.0002492235,0.3111773579403963
133.9273511330801,0.0022473265,0.3009786192035271
176.49533138198535,0.0020506722,0.3619342459901563
1950.6038785524995,0.00017516421,0.3416779380134631
40.851439796411015,0.0059666294,0.2437454425730358
62.72702729384808,0.004937205,0.3096962555173505
167.29192309975295,0.0029120813,0.4871678481917517
849.6503012036726,0.0003557283,0.3022455068919716
11.912174613504009,0.046464168,0.5534892943993599
74.12285596184415,0.003379913,0.2505288785854205
125.33498655442591,0.0030617092,0.3837394067505487
504.3139389380377,0.0008413322,0.4242960600513439
63.190312955891514,0.005828801,0.3683238225379264
413.72934612138584,0.0010226488,0.423100233065166
161.59041559231684,0.0023654713,0.3822376520291136
38.435616433672266,0.009446091,0.3630663689091801
308.70166369818514,0.0011364754,0.3508321554337241
546.4917062150685,0.0010553127,0.5767201845051367
884.6914897461994,0.00042269277,0.3739535810877374
45.488193751821626,0.012246898,0.5570893145709905
1098.5672518559295,0.0003441733,0.3780986149104383
120.09831372075135,0.0024677294,0.2963702597574352
76.28714848980228,0.00424443,0.32379553795172
120.19282212420654,0.0026405978,0.3173810218697932
17.490350113868992,0.021561528,0.3771186912003396
107.58364826458248,0.0035975762,0.3870404800894815
42.293020644439416,0.008285233,0.3504075726060113
236.21176646151892,0.0013738915,0.3245295743532324
143.37421818881242,0.0022392706,0.3210538149624111
430.71871755055105,0.00080762175,0.3478582351446493
485.3620202176494,0.0007093043,0.3442698533590859
88.71697142499472,0.0039862874,0.353651434074588
81.90518024713917,0.0041503115,0.3399320933944548
35.28844577666457,0.0103435805,0.3650089148992607
343.9961584398766,0.0010246695,0.3524827156666675
50.286260442769844,0.0084473,0.4247831781244701
333.2525144265934,0.0015593027,0.5196418787796905
3040.003295831223,0.00011551372,0.3511651295170209
1124.977349020871,0.00042802887,0.4815239084543481
157.38118049378133,0.0020191935,0.3177832140565505
1674.8418721613748,0.00024177553,0.4049374561498808
14525.667787785234,4.3650703e-05,0.6340701361490682
10.710987375316808,0.04589983,0.4916325103701751
84.53611944132003,0.0028812056,0.2435660252727196
38.32485157468739,0.012875663,0.4934579117255458
116.1240618705649,0.0042586955,0.4945371358539582
302.5040513105132,0.0014565041,0.4405986935044241
21.530606448093746,0.02753781,0.5929057710829868
111.35375749101537,0.0044950945,0.5005457742059546
38.32485157468739,0.012875663,0.4934579117255458
40.74497859465735,0.010359134,0.4220827338341658
325.2348310498168,0.001005973,0.3271777839305084
253.17866633962294,0.0018999152,0.4810182496730443
18.111903897965643,0.028914796,0.5237020244931853
28.43403796570176,0.017439166,0.4958659365682132
89.11772203772644,0.0066802963,0.5953328779107745
61.27113856721732,0.008466229,0.5187355514719323
54.76709456784269,0.008507879,0.4659518685318574
43.38688181556368,0.009752706,0.4231395459908206
800.6987097527702,0.00072043383,0.5768512388419563
38.19234088966174,0.015706968,0.5998859143913494
1305.3260657189178,0.00021906137,0.2859478215791619
81.52974273908582,0.005922152,0.4828316105515053
142.15155873141657,0.0025894186,0.3680900323496812
83.79431152782571,0.007436847,0.6231655580970876
10.796870763017903,0.04774151,0.5154589242981976
116.12406187056487,0.0042586955,0.4945371358539581
140.56495905308358,0.003539764,0.4975669222825384
384.180928632548,0.0011332256,0.435364047539105
50.126601275987404,0.009573857,0.4799049626389222
293.4580856701434,0.0016944379,0.4972467958790235
423.4547216030473,0.00099159,0.4198938908490873
367.1556414628846,0.001159604,0.4257555176185683
204.61027301089524,0.0017221392,0.3523675764850377
186.2807923812523,0.0028308735,0.5273375449918813
34.20196325628796,0.015817856,0.5410017639072173
210.89729194021893,0.0027913249,0.5886830732325943
97.53952910307045,0.0043192157,0.421294363012118
82.57784327093457,0.0064023347,0.5286910740025091
35.608233715884985,0.013131932,0.4676049394053427
325.4311809839981,0.0014606564,0.4753434626950161
377.01267943107314,0.0015361104,0.5791334748186169
11.141765346350661,0.058315746,0.6497403690711525
11.487718919160766,0.03797667,0.436265321933444
63.007099801407705,0.005102069,0.3214666336837682
472.3867129739008,0.0011018682,0.5205083695151816
1279.7460226359665,0.00043807417,0.5606249564230749
36.03123508894063,0.009951826,0.3585766182014668
324.71856581486963,0.0010371938,0.3367964079266405
83.10482823759718,0.00395692,0.3288392400547413
369.65915834285994,0.0014932374,0.5519892501492388
63.32465669139495,0.009386757,0.5944132277952051
498.0956867611894,0.0010257957,0.5109449117638617
2088.9898188616507,0.00031684898,0.6618963823265177
577.1641889693851,0.0010008629,0.5776628011122358
418.0334115562048,0.0014742139,0.6162710840139892
1209.926117864944,0.00039432614,0.4771067056689863
16.789838961449252,0.031249791,0.5246789752587852
2418.8392070189493,0.00022621536,0.5471810008371132
290.71438134493053,0.0018041881,0.524503718035767
157.4623369246681,0.0036405674,0.5732524079980998
137.90931508588517,0.0032023236,0.4416303922686812
233.78617420095435,0.002136883,0.4995739350712321
475.5722517738948,0.0009013866,0.4286749306530668
2180.3933100564627,0.0002848632,0.6211159959545863
299.4903910369519,0.0018571013,0.5561842940226227
10416.551309735216,5.0637234e-05,0.5274757626953784
13251.22287438347,5.1708346e-05,0.6852120685346094
27.973698023934023,0.022656705,0.6337918518610541
352.4036365578252,0.0015047344,0.5302742270172937
18.972391643010106,0.020095611,0.3812618211699736
105.17377784213654,0.005436583,0.5717860778361141
184.59788651540816,0.0018673483,0.3447087341660268
4417.7804508811305,0.00012333988,0.5448929284584754
2352.9214336571117,0.00026373926,0.6205601106722994
2970.329807918572,0.00020917985,0.6213361140007436
1140.9436553902308,0.0005043869,0.5754781743606022
48.254645913364804,0.009879981,0.4767550330404178
30.87571150562117,0.017549345,0.5418485442083268
10.91814089172957,0.060836185,0.6642180500634659
442.88207024901175,0.0012771562,0.5656300247694311
1632.244530042877,0.00036838447,0.6012951683547744
1532.9014167334785,0.00028176396,0.4319179063698519
1536.6425969796487,0.00032779205,0.5037007636238798
3178.5162279169044,0.00010975341,0.3488561732704454
294.2741765320403,0.0012339144,0.3631094382452031
1263.6398656393703,0.0005712585,0.721866277825214
136.91768925588553,0.0032464836,0.4445011696368178
454.2016066170993,0.0008495135,0.3858508507445218
12.7129369989403,0.052167505,0.6632022171698402
30.264360490047558,0.014119659,0.4273224802369049
447.4029133277601,0.0014724944,0.6587987318217253
312.85813243543976,0.0016416641,0.5136082772704395
12795.395248261537,3.337963e-05,0.4271183544859765
415.50955699247004,0.0010471042,0.4350822177765117
2754.1548973753897,0.00024110013,0.6640298579522405
160.38574326982445,0.0029596456,0.4746851197570088
495.31800339407624,0.0009977592,0.4942085901300742
1012.6036015814713,0.00049131305,0.497506376537579
1214.568920740766,0.00043493035,0.5282541003658244
1496.777257186762,0.00037588214,0.5626133353119477
19.261187967447725,0.03183658,0.6132103708818749
106773.78340926598,6.374031e-06,0.6806861792213562
4216.893984462026,0.00013147447,0.5544181185473175
305.0011037123946,0.0021853351,0.6665299224825398
138.97439041587182,0.0041277516,0.5736519013725301
4097.974691885247,0.00014909887,0.6110074938233804
503.9248710075599,0.00092203607,0.4646374115639385
936.5878531423715,0.00050139,0.4695967202749068
775.2881432251177,0.0006782412,0.5258331358949189
32525.076585277184,2.3445722e-05,0.7626064287237033
2113.7480020052167,0.00017747756,0.375144951598763
921.2460152128853,0.0005694911,0.524642327820218
632.6992406234383,0.0009052542,0.5727542776104187
327.68469417830835,0.0012745236,0.4176422037737308
472.10841070004994,0.0007312998,0.3452532584316751
1425.9848888757533,0.00033568646,0.4786852453450839
12.0079656076297,0.044757757,0.5374496187386131
52.43405000776019,0.012390027,0.6496593477495489
1113.3632017596356,0.00070322177,0.7829423547574799
663.8270514323517,0.0007440658,0.4939316699127054
3457.7620165141216,0.00014561939,0.5035206533719728
23.355686115268735,0.026639324,0.6221797130226313
695.0102303838822,0.00072155386,0.5014880094832099
37.96868140461612,0.015850767,0.6018327602104843
810.4402545754787,0.00069816445,0.5658213850338036
147.541746975405,0.004954291,0.7309648967062733
776.7981698893778,0.00085122365,0.6612297502847262
183.78462705195102,0.0006454204,0.1186185312903481
461.70747305895907,0.0008245764,0.3807135476955265
109.6656855722714,0.005029266,0.5515380134810007
1079.257682395278,0.00047881843,0.516769548307628
417.5962182181403,0.00095399655,0.3983857690693712
191.42521113162837,0.0016912516,0.3237483860319154
760.6407756881276,0.0009927707,0.7551426359692212
140.05810405946795,0.0026137163,0.3660722895854316
402.18420362074744,0.0011129519,0.4476120757539013
976.6027632148807,0.0006037822,0.5896563415027231
1156.9266557535216,0.0005774287,0.6680438117537593
1582.4501987421913,0.00031103042,0.492191732394066
1025.4895691990105,0.00039049124,0.4004457189731566
310.395873997537,0.0012485815,0.3875548563455298
158.15478232392152,0.003947238,0.6242747248254936
334.8731525082877,0.0015736418,0.5269707253579688
345.12000213215833,0.0012143991,0.4191137651012932
90.75089352707235,0.005697454,0.517049132080286
4685.365918489379,8.295122e-05,0.388661504451033
649.861751691024,0.0008280062,0.53809020940478
808.366739870047,0.0008255686,0.6673630060878188
2196.8385221100907,0.00030581362,0.6718253378404591
2242.766115052082,0.00024357239,0.5462781456203656
1312.939274727652,0.0002791529,0.3665121190033955
41.40159627146225,0.008136661,0.3368707951213486
92.09942599554647,0.005547023,0.5108777263835201
1706.9731693389963,0.0003236604,0.5524813257506966
681.3756117789887,0.00084582146,0.5763227961389092
296.7068350605387,0.0018566436,0.5508791430982398
47.158147602063536,0.0111914845,0.5277697250953538
284.2643788377884,0.0023404476,0.6653061674807714
311.0182023225876,0.0021223824,0.6600998697073014
319.310250039173,0.0019002805,0.6067793609098148
144.24428122497977,0.0026254498,0.3787062635375481
545.3112487020545,0.0012307116,0.6711214246993521
270.84196983156727,0.0014454176,0.3914800208551862
2965.7164752344297,0.00015495873,0.4595666242588789
1971.593653608897,0.00029504235,0.5817055963995086
21.817209663707978,0.030589586,0.6673794331052358
304.76084987629093,0.0017262626,0.5260975618465056
59.253256937229466,0.009449385,0.5599068965570589
1109.7492743722262,0.00042162574,0.4678999687709273
85.12543281312072,0.0051185302,0.4357171837674622
483.81015924860986,0.0013188405,0.6380689161386754
130.808816569787,0.004163337,0.5446013167600239
481.39082534568195,0.0010414122,0.5013267598738878
2309.1540027517713,0.00025932683,0.5988278966694308
1194.8887890964158,0.00049443706,0.590798494796581
133.2425587722284,0.004269862,0.5689274717268635
122.38485623991315,0.004118606,0.5040551256037
286.19468648093493,0.001668872,0.4776225850114973
1813.7662218864896,0.00030860925,0.559746847177945
252.6579690850233,0.00213791,0.5401602513445312
4968.52638131071,0.00012704195,0.6312162486345374
3975.0664663700118,0.0001962051,0.7799322886072412
128.5156601624556,0.003360235,0.4318429478416491
660.7338289253021,0.0009423322,0.6226314233594324
198.16858799922784,0.002625983,0.5203875413885644
1636.8246214493,0.00021821939,0.3571885072542686
49.03845215586139,0.013013605,0.6381670952062307
970.585226099847,0.0006765089,0.6566105142502849
447.8384457067378,0.0013353423,0.598018067956906
1376.178362011629,0.00048393602,0.665983655500389
1113.8202694957567,0.0006727512,0.7493250367078633
14.243201823505345,0.034133203,0.4861661134548799
42.840567363372955,0.013386979,0.5735058184821265
498.0766591468888,0.00080902706,0.4029579932808887
2170.141696137007,0.00023103105,0.5013722848490098
469.8602544427223,0.0011970972,0.5624688648449248
557.493434989444,0.00071518676,0.3987124809848061
318.59036891413547,0.001893944,0.6033926362530823
1377.6534774111997,0.00026845033,0.3698329082901615
98.08745799616564,0.006379447,0.6257438377387229
21.164646752645297,0.019477272,0.4122296027498359
1085.5700948264512,0.00051901955,0.5634331876803769
2868.2673554999965,0.00017827131,0.5113326471625755
25.37115943713058,0.020905258,0.5303906591635089
1160.6450224001483,0.00048519118,0.5631358886244767
494.04218399277755,0.0012123557,0.5989553518462766
3006.3339586305124,0.00016147696,0.4854566747183795
13.522413198500592,0.0352996,0.4773357904642047
243.1065871807146,0.0014384936,0.3497075128838872
134.5260004107591,0.0042956765,0.5778803131294886
2395.521461734659,0.00018508345,0.4433737722083554
754.7958898907885,0.0006736918,0.508500556489017
219.91703049289987,0.0029807494,0.6555177766085235
12.842142995849871,0.043496605,0.5585896340861415
544.3965213446004,0.0011797993,0.6422791792013158
182.42009542080478,0.0026139265,0.4768329039730657
523.4090925097648,0.0011231129,0.5878480271841027
1867.552964141952,0.00028568678,0.5335370603581339
89.7231537227278,0.0061332625,0.5502957438324956
95.89547848582863,0.0036277403,0.347883987786302
14.629781723547307,0.038949206,0.5698183967152608
499.46303975920654,0.0009322162,0.4656080364278162
593.6227747246576,0.00070168474,0.4165366359635247
4133.319373806994,0.00014488545,0.5988619707871183
208.8068561476089,0.002579433,0.5386035041802514
21.62016559017964,0.014085535,0.3045316207464365
38.10429837588251,0.014655039,0.5584200168704931
9200.903626596075,6.730307e-05,0.6192582617476761
746.7707943068973,0.00079418306,0.5930734613120766
298.1144507285494,0.0018289256,0.5452294487818333
101.47946378127529,0.0047598463,0.483026751684751
232.4594468343567,0.002314709,0.5380762061819537
13933.72946441287,4.500767e-05,0.6271386313330356
949.4469868563681,0.00022333437,0.2120450941049521
699.0204048356445,0.00057992176,0.4053778424686043
5555.082620928295,8.158971e-05,0.4532431351502005
143.36066502353418,0.0031422984,0.4504821316870525
22.443879156720968,0.02605282,0.5847263662156823
376.1374512702468,0.0017424371,0.6553962259301713
957.7657531693802,0.00043039292,0.412216556948322
677.1870002893905,0.0009816797,0.6647814084749891
123.11627991095905,0.004943459,0.6086204050886297
338.72711198242405,0.0017979848,0.6090265374194083
2736.87737164957,0.00017381158,0.4757037171100305
85.96778452152276,0.006793605,0.5840312567321242
151.5964122730148,0.003798371,0.5758195676782758
50.376942750548224,0.01261969,0.6357414510366086
1229.929677370069,0.00041608,0.5117503700898156
737.7598953296506,0.00074203324,0.5474431032334168
269.6465550949094,0.0022545692,0.6079370876496409
33.00183387745445,0.014955091,0.4935454618060481
1410.8971845271471,0.00038324812,0.5407251043805068
97.49022273865766,0.005340839,0.5206796812115324
3942.947768024971,0.0001317075,0.5193197361049169
816.2739621729809,0.0007158366,0.5843195940243974
503.2664069723848,0.0010505815,0.5287228800030654
358.63029165716324,0.0015129852,0.5426026821792631
355.66116932287144,0.0017403208,0.6189648863860844
30.20227557580353,0.02214716,0.6688946597436884
2937.3842647664123,0.00010665116,0.3132783765873498
80.867353933165,0.0073312237,0.5928567425784614
325.01796919502857,0.0016660555,0.5414983001941771
2498.5048242698826,0.00018920889,0.4727418229645738
110.79657363103948,0.0049105245,0.544069400127847
1312.6021387530172,0.0005487399,0.7202784789612555
127.64672275717214,0.0045142476,0.5762290395011526
126.49521275408743,0.004609071,0.5830255432389073
3930.9332266656324,0.0001483904,0.5833166848114305
12.450335866193472,0.045076843,0.561221847588008
23.962565401286394,0.020949107,0.5019943705486121
1391.545885747681,0.00042674268,0.593833412172825
2068.9142003117136,0.00028665285,0.5930622208390239
1803.8990009938877,0.0002744306,0.4950468890811542
88.60253834017105,0.0060814265,0.5388299132317206
1677.1343303620527,0.00043282472,0.7259068740756733
1336.265906251553,0.00034695014,0.4636189795171094
3587.5957129811004,0.00015548816,0.5578322438310324
81.1333474041302,0.00591975,0.4802892144289472
92.79237236517694,0.007488544,0.694879856113384
40.8310635598352,0.011803395,0.4819452122979045
16.651238932457904,0.03329394,0.5543853665941565
168.5300374530747,0.0027643235,0.465871711517452
398.44200971049753,0.0014938206,0.595201280452951
438.23754293341005,0.0011320998,0.4961290729449478
10030.617982419479,3.4729175e-05,0.3483651178875754
4132.564522876889,0.0001235507,0.5105853721611284
4133.955866868454,0.00011526241,0.476493850004764
5158.467670088137,0.000108571956,0.5600700833719019
13.008843446352294,0.041969456,0.5459740956414144
101.48010288629015,0.005292375,0.5370708609929328
20.44927904619067,0.029069114,0.594442444260807
190.2037786358797,0.0021312616,0.4053741997853294
326.17989203239745,0.0021582711,0.7039849605545356
63.79986802826158,0.007812051,0.498407886629917
1415.3429395462492,0.00047008964,0.6653394682707776
137.37249937886943,0.0038743014,0.5322226040375523
232.49719140278475,0.002015841,0.4686776033117724
166.8972316604539,0.0028585244,0.4770799758910917
164.3761538015197,0.0028062754,0.4612849211359751
224.30044086253946,0.0024977825,0.5602539402291768
587.4892554331169,0.00079384336,0.4663750319861792
1395.6826473826575,0.00043519805,0.6073997622424175
455.1709606750875,0.0012505191,0.5692004352605065
231.6290642394795,0.0021971734,0.5089294502429398
1901.4523310698414,0.00034331178,0.6527928858170676
1765.824286533692,0.00032944622,0.5817459022070083
971.6321592754457,0.00047327587,0.4598510271332244
156.01489052980205,0.0034689293,0.5412047810100133
42.01721905452061,0.0124517465,0.5231878023190794
188.69209502936332,0.0022615928,0.4267448722274189
1927.4302075624469,0.00019367042,0.3732881452495138
286.2499049741255,0.0020228117,0.5790299431554542
311.0198720543328,0.0016178256,0.5031762221380962
31.20336742943429,0.014717532,0.4592365898538243
8069.684292828969,8.007609e-05,0.6461968353884517
99.0225784391178,0.0057011587,0.5645435335871873
14.51663490661878,0.02928925,0.425181363455319
39.33703169821589,0.013710057,0.5393129861303783
974.5157677826653,0.0005195319,0.5062930029318548
390.38990838192876,0.0011182022,0.4365352448003796
58.83706631540485,0.010918645,0.6424210987764298
174.006332091565,0.0021048186,0.366251938310435
269.41187560349607,0.0020370919,0.548817018967565
333.3184456631151,0.0016618969,0.553941224878795
107.53579287925804,0.0048281224,0.5191960779378991
1455.5075773095286,0.00039306958,0.5721172076074512
11.630150616365842,0.042059593,0.4891594130831971
43.89831930521298,0.012336216,0.5415391928843966
380.9374467441553,0.0012798272,0.4875344867791681
685.0011625674917,0.00087615487,0.6001677895403321
255.54537959514937,0.0014523331,0.3711372688834796
301.8778550356554,0.0015252939,0.4604527527088244
1376.9185425560784,0.00041853066,0.5762840033007761
183.31067038983505,0.0027999324,0.5132576686008902
77.95594394291712,0.0065730456,0.512408052283782
3955.851790611151,0.00014720307,0.5823174838947492
462.97492047863545,0.0012028837,0.5569054483274672
2107.1772911711655,0.00025281025,0.5327181249525963
2652.427826805904,0.00021334761,0.5658917899743603
113.13825359538227,0.0042794053,0.4841645552070765
94.53428863851218,0.006826343,0.6453235740417759
845.48592049262,0.00067051087,0.566908345608178
36.48462708707699,0.011247604,0.4103646740477425
156.5817773043963,0.0034987405,0.5478391623986494
127.66963890973227,0.0031949012,0.4078920102259092
910.6925383095938,0.0006043882,0.5504127346749048
2387.8800849855415,0.00013585135,0.3243991210634855
301.3582347226429,0.0015645965,0.4715043406514603
64.02669222205705,0.0074956957,0.4799246656007887
2745.711653173267,0.00020408927,0.5603730326382784
29.388894888355406,0.012984526,0.3816008991780127
397.4591494742602,0.0014207751,0.5647004602993564
1040.467045859961,0.0005449241,0.5669766090119439
1209.1205024151038,0.00043615597,0.5273663346982493
1208.4797194581834,0.00047255773,0.5710776414579154
165.70817265414894,0.0030274708,0.501676819739967
209.84467698084515,0.0024485388,0.5138130434057432
543.70826549839,0.00090824004,0.4938181605128539
1140.958398561557,0.00045857797,0.5232195272252084
221.29281711953755,0.0023174689,0.5128394427607329
111.88681152994475,0.0027856724,0.3116801146897804
367.3053498699073,0.0011732163,0.4309289908499279
61.74966897911269,0.008742511,0.5398472220459204
1232.8329917773,0.00050070847,0.6172911539113263
369.62512723924124,0.0016746982,0.6190109048874555
79.58426603507574,0.0072965515,0.580690775298897
203.97859470407005,0.0019536335,0.3984996198753885
37.126758132725485,0.013731887,0.5098204844816755
229.8535553869263,0.0024397273,0.5607802239331016
177.802372034801,0.0029390696,0.5225737242577458
13.422139073482839,0.036371786,0.4881871834650952
33.28892924971715,0.01778607,0.5920792591494459
549.1323043500446,0.0009465989,0.5198085843845218
776.8143099277153,0.0006135935,0.4766489880929415
12.015240856058082,0.049039748,0.5892243957556335
164.78261496019232,0.0030775461,0.5071262588011565
550.5000586055909,0.0009555908,0.5260533419030221
301.32816704827235,0.0014308834,0.4311657735099669
4927.933120084533,0.00015910067,0.7840423890537597
366.476466136055,0.00186514,0.6835302825254678
746.4642889274513,0.0008326747,0.6215626743076678
10.018460367287082,0.06589805,0.6601970122249629
14.629140594325566,0.04073387,0.5959015258101209
75.15389523322791,0.006134765,0.4610515612443687
16.205241024814757,0.026057195,0.422263141610839
693.3039637313925,0.0006564007,0.4550859004100244
134.25452980857048,0.0033603595,0.4511436189147928
65.97970730759117,0.006866411,0.4530438540133317
16.826452192139133,0.03147003,0.5295289721066365
56.30766588708341,0.009344517,0.5261679974198369
861.8381290851408,0.0004050136,0.3490570251161667
27.551187966838683,0.021118168,0.5818306436344657
458.7218340147475,0.00074634224,0.3423639398573089
1064.101350750552,0.00064381264,0.6850829639556297
37.23797981270734,0.01213847,0.4520121380551334
23.52048280053307,0.020687986,0.4865914424111517
118.2669027536604,0.0038430423,0.4545048282392062
3298.993850238686,0.0001676764,0.5531667114240122
305.32958713989234,0.0009226873,0.2817240376978091
31.9071947416096,0.0133401025,0.4256452802477278
27.133565175390345,0.016202582,0.4396338418401716
59.475072882159836,0.008931077,0.5311765149662543
11.077403613206345,0.045357753,0.5024461480465245
20.390889347911575,0.018969027,0.3867953509854364
359.1927480321006,0.0016132894,0.5794822121498068
13.64313746201918,0.03713779,0.5066759876487387
966.6484880994233,0.00041862804,0.404667128590513
159.61467765640046,0.0035470056,0.566154315104125
104.68897819137223,0.0053651175,0.5616687736406277
91.2223902452442,0.007438379,0.6785468031524196
38.53947109173082,0.0102965785,0.3968247279839582
52.870904634668676,0.009546361,0.5047247949100249
99.28725215932919,0.004834445,0.4799988590526603
1379.5614737452634,0.0003830801,0.5284839268799566
14516.220145226627,3.257953e-05,0.4729461459281605
226.06784296407852,0.0016557565,0.3743135264965952
129.30644944795884,0.004772069,0.617059428217121
701.3786606885965,0.0008664412,0.6077040698000811
749.1585208651135,0.0006421473,0.4810708706040472
4516.857262304975,0.00011662917,0.5268018303683638
813.9213947517533,0.0007883452,0.6416518386512446
344.79840988225357,0.0012989801,0.4478866177471006
39.61729112576541,0.012769475,0.5058920482154744
318.6373271961975,0.0017017428,0.5422390960047004
1852.450217923069,0.00026689336,0.4944085153444381
1488.7462774154992,0.00034377916,0.5118014334493047
137.354587541294,0.0037258181,0.5117583457339752
