Method,Mean_AUC,Std_AUC,Delta_AUC_vs_ECFP4,Cohen_d,Effect_size,t_statistic,p_value,CI_95_lower,CI_95_upper,Power_80pct
FCFP4,0.932,0.086,0.028,1.704,large,-3.81,0.0189,0.016,0.042,0.809
AP,0.924,0.088,0.036,1.847,large,-4.129,0.0145,0.022,0.052,0.864
MACCS,0.914,0.088,0.046,2.36,large,-5.277,0.0062,0.032,0.062,0.97
BPF,0.904,0.088,0.056,2.873,large,-6.424,0.003,0.042,0.072,0.996
TFP,0.63,0.112,0.33,2.49,large,-5.567,0.0051,0.227,0.433,0.981
TNE,0.63,0.112,0.33,2.49,large,-5.567,0.0051,0.227,0.433,0.981
PHCO,0.912,0.086,0.048,2.921,large,-6.532,0.0028,0.036,0.062,0.997
Hybrid,0.894,0.094,0.066,0.766,medium,-1.714,0.1617,0.008,0.141,0.263
TFP+ECFP4,0.95,0.079,0.01,0.632,medium,-1.414,0.2302,-0.002,0.022,0.195
