drug,target,mutation,wt,mutant,rrs
artemisinin,PfDHFR,N51I,-5.233,-5.939,113.4913051786738
artemisinin,PfDHFR,C59R,-5.233,-6.174,117.98203707242502
artemisinin,PfDHFR,S108N,-5.233,-5.953,113.75883814255687
artemisinin,PfDHFR,I164L,-5.233,-5.968,114.04548060386011
artemisinin,PfCRT,K76T,-7.858,-7.857,99.98727411555105
artemisinin,PfCRT,K76A,-7.858,-7.861,100.03817765334692
chloroquine,PfDHFR,N51I,-4.535,-4.987,
chloroquine,PfDHFR,C59R,-4.535,-4.991,
chloroquine,PfDHFR,S108N,-4.535,-5.101,
chloroquine,PfDHFR,I164L,-4.535,-4.985,
chloroquine,PfCRT,K76T,-7.313,-7.282,99.57609736086422
chloroquine,PfCRT,K76A,-7.313,-7.224,98.78298919731984
cipargamin,PfDHFR,N51I,-6.325,-7.277,115.05138339920948
cipargamin,PfDHFR,C59R,-6.325,-7.129,112.71146245059288
cipargamin,PfDHFR,S108N,-6.325,-7.248,114.59288537549408
cipargamin,PfDHFR,I164L,-6.325,-7.248,114.59288537549408
cipargamin,PfCRT,K76T,-8.015,-7.976,99.5134123518403
cipargamin,PfCRT,K76A,-8.015,-7.99,99.68808484092327
lumefantrine,PfDHFR,N51I,-4.84,-6.151,
lumefantrine,PfDHFR,C59R,-4.84,-5.594,
lumefantrine,PfDHFR,S108N,-4.84,-6.273,
lumefantrine,PfDHFR,I164L,-4.84,-6.151,
lumefantrine,PfCRT,K76T,-7.746,-8.197,105.82235992770461
lumefantrine,PfCRT,K76A,-7.746,-8.017,103.49857991221273
pyrimethamine,PfDHFR,N51I,-5.369,-5.37,100.01862544235426
pyrimethamine,PfDHFR,C59R,-5.369,-5.37,100.01862544235426
pyrimethamine,PfDHFR,S108N,-5.369,-5.351,99.6647420376234
pyrimethamine,PfDHFR,I164L,-5.369,-5.37,100.01862544235426
pyrimethamine,PfCRT,K76T,-7.215,-7.233,100.24948024948024
pyrimethamine,PfCRT,K76A,-7.215,-7.219,100.05544005544006
